# key	UTF-8 source literal (JSON)
ui.literal.0012ac1e30c947d6	"Play standard Arabia against the built-in AI."
ui.literal.00198133b9c18a3b	"AOE_AI_DEBUG"
ui.literal.001ef611d3bfb965	"SdlApp is already initialized"
ui.literal.0045fc325ab1643c	",\"direction_count\":"
ui.literal.004d2e191349e4f2	"box"
ui.literal.004e7289dd1c61e2	"TAB: CLOSE"
ui.literal.0051304265a26137	"invalid raw-DEFLATE DAT payload"
ui.literal.00612319135a7b4b	"buy"
ui.literal.00626aba5971c261	",\"interpolating\":"
ui.literal.0085220f3626d853	" guard_building "
ui.literal.008bf715a4cc1c08	"EDITOR CLOSED"
ui.literal.0090e53b1b07ce95	"trailing"
ui.literal.00bd2283439e98d2	"technology_tree.dark_age"
ui.literal.00c1434fcad32b92	"elite eagle warrior"
ui.literal.00d59d4d7088b4de	"browser.entry_one"
ui.literal.00f5113ff9976f2e	"cannot open legacy DAT file"
ui.literal.00f7b56dc3fedcf4	"Place "
ui.literal.00fabe116530e8a3	"nonblocking send"
ui.literal.0124c8b7ce01f601	"cannot publish imported campaign: "
ui.literal.01373e7bc72d1172	"REPLAY"
ui.literal.013b91d72b0ee4f0	"Bearded Axe"
ui.literal.014899820b96ca69	"invalid food decay remainder in save"
ui.literal.014c6dca2323e052	"invalid language record at line "
ui.literal.015b6a385bb67fc4	"AOE_AUDIO_PROOF_SOUND"
ui.literal.016543663443e82b	"[ ] "
ui.literal.0172d6da374ce68a	"tiles "
ui.literal.0176cc11043a28e6	"AOE_MINIMAP_CLICK_PROOF"
ui.literal.018a429bdca5ee07	"invalid diplomacy player"
ui.literal.01aa1d107851955c	"Idle military {index}/{count}"
ui.literal.01b9de8e5cc050cf	"CHAT [ALLIES]  TAB: ALL"
ui.literal.01bf381ff1c148a6	"building_exists"
ui.literal.01c0ab679f7170ca	"CIVILIZATION TECHNOLOGY TREE"
ui.literal.01c7a8df897fc503	"load-random"
ui.literal.01c9d6dd2a7a5172	"aoe/commercial_multiplayer_adapter.h"
ui.literal.01ec227d9562bdca	"entity owner is not occupied in save"
ui.literal.020097dc45df088b	"+ids-fnv1a64:"
ui.literal.0253bf6136b43a78	"Could not write map dimensions to %s"
ui.literal.0259fccfcb6000c8	"invalid death effect owner in save"
ui.literal.028144628f4cc83a	" hit_points "
ui.literal.028acd1c4d752a8d	"checkpoint "
ui.literal.028b0caf4c3ddd38	"control_group.units_one"
ui.literal.028cc4eeaf72b572	"mameluke"
ui.literal.0290717c0728b235	"R  SCROLL SPEED: "
ui.literal.0296d52bf1336f71	"invalid scenario objective"
ui.literal.02a10d6641d722df	"/user/settings"
ui.literal.02a26ff30c2857db	"COMMITTED "
ui.literal.02b544c9151f1eda	"could not open replay file"
ui.literal.02dd63eda61ce280	"Wind3.wav"
ui.literal.02de348fb37b73ff	"missing_object"
ui.literal.02f11813d367f56f	"AOE_MULTIPLAYER_ALLIED"
ui.literal.030169815c1e5c7c	"scenario description lacks terminator"
ui.literal.030586028c79f183	"invalid drop stage"
ui.literal.0312d121e72e0001	"expires_at"
ui.literal.0319ead1e8d8bbaf	"building cannot be observed"
ui.literal.033701807ab6e904	"nonpositive_commercial_object_id"
ui.literal.033fbce3df237289	"bottom_border"
ui.literal.034d291bef240aaf	"resource "
ui.literal.034d2c1bef240fc8	"resource-"
ui.literal.034d5a1bef245df2	"resources"
ui.literal.036559f8191175aa	"Koreans.mp3"
ui.literal.03685dff95c01c87	"Cartography"
ui.literal.03a13b5e60608896	"Shift+Alt+F/W/S"
ui.literal.03b1c1da1e5b2b74	"invalid TCP frame stream send"
ui.literal.03c344a53528fe38	"roster slots must be unique ascending values in 0..7"
ui.literal.03deb3265f90793e	".replay"
ui.literal.03dfe6e4fef65890	"save_barrier"
ui.literal.03e72b6c963475ea	"elite conquistador"
ui.literal.03ebdface697c3cf	"   HUMAN   TEAM "
ui.literal.04092c1ca6f43c8b	"Feudal Age"
ui.literal.04297272f9f7641e	" at "
ui.literal.042ac48723d377ca	",\"hotspotX\":"
ui.literal.042ba1beefb1ae61	"RMS include expansion failed"
ui.literal.04399b181f247ed8	"Custom Scenario"
ui.literal.043c2f0954e7517f	"salmon"
ui.literal.0441c20efdb351d2	"set_scaling_to_map_size"
ui.literal.044238b5c166d7ac	"select requires unit id"
ui.literal.04438f3729224618	"fortified_gate_x"
ui.literal.04439037292247cb	"fortified_gate_y"
ui.literal.0447a76df4645174	",\"unsupported_tiles\":"
ui.literal.045dac8b859870fe	"frontend.main.multiplayer"
ui.literal.0463470c17269183	" requires x, y, and one or more unit ids"
ui.literal.04657019b4f68b94	"el_dorado"
ui.literal.047d61d0ce31bd43	"empty roster slot"
ui.literal.048b5348c0ebdaae	"Two-Handed Swordsman"
ui.literal.04ae29f9cbb726eb	".aoe2record"
ui.literal.04b8e1f6930e423e	"bracer"
ui.literal.04befc0bc53361f7	"effects_volume="
ui.literal.04c02559bcdcb61a	"terrain_cost"
ui.literal.04d851e5f7572e80	"aoe/legacy_assets.hpp"
ui.literal.04dd40ff5c11ca7e	"{title}: {civilization}"
ui.literal.04e381a78c4aa624	"invalid queue record"
ui.literal.05012a33830646c5	"Fortified Wall"
ui.literal.05077ecda5c2d380	"attack_move command rejected"
ui.literal.051d8276c88445ac	"commercial_mapping_has_no_native_kind"
ui.literal.0525824905352d21	"cannot flush campaign progress"
ui.literal.052b359c6c7d134b	"invalid impact commercial projectile identity"
ui.literal.052fcff5201c6dbd	"Dry Dock"
ui.literal.054b57573de9bfb5	"  [PRESS KEY]"
ui.literal.05537e60a280df82	"Heavy Plow"
ui.literal.055d157708cd9e0b	"an army.\""
ui.literal.0560fe87bd72a302	"market cannot be used"
ui.literal.0576e48ebb993a29	"BOUNDED CAMPAIGN MANIFEST"
ui.literal.0579b55e5fada12c	",\"stone\":"
ui.literal.057d86e21faf96fb	",\"renderPosition\":{\"x\":"
ui.literal.05839eb24771d913	"canonical_building_damage_records:flag_2_replacement"
ui.literal.05903cfefc1ee387	"invalid scenario trigger condition in save"
ui.literal.059c79339829d253	"CANNOT PLACE: "
ui.literal.05a1955f07477b9b	"cannot write "
ui.literal.05aca292111ebaf7	"AUTOSAVE SYNCHRONIZED"
ui.literal.05bb27d35b667a69	"invalid stop selection count"
ui.literal.05e356b3e345f67a	"{\"playable\":"
ui.literal.05e5312cb72687b6	" returning_before="
ui.literal.05eea893be0ad426	"lumber_camp"
ui.literal.05f717dd9db5da50	"condition."
ui.literal.06113ef529c7ef33	"could not create temporary settings file"
ui.literal.061448a0ff800ed1	"Fervor"
ui.literal.06320ccff448c1ed	",\"facing\":"
ui.literal.0636d3265ff5dc1b	"tribute effect has unmapped players/resource/amount"
ui.literal.065ed5c9714b43cd	"select_building_kind"
ui.literal.0672a77240cce353	"DRAW"
ui.literal.067cb7ba27fc515d	"move command rejected"
ui.literal.068305efe81d44a8	"stone gate (NW-SE)"
ui.literal.06a9fe5ed483b2b2	"relay publication failed for "
ui.literal.06b6b00d60156743	"SET AOE_CAMPAIGN TO LAUNCH"
ui.literal.06cfceff7bdcc124	"elevation composition requires 97x49 terrain"
ui.literal.06e4c217ec1f1033	"trebuchet_stone"
ui.literal.06eaee20d025f545	"Textures"
ui.literal.06ecf1d404aa9bb7	"selected projectile asset did not render: "
ui.literal.071b6035be4f5b10	"AOE_OBJECTIVES_VISIBLE"
ui.literal.0720ed1486707508	"invalid_dat_reference"
ui.literal.072224725c71e7b5	"Pursue nearby enemies, then return."
ui.literal.07280e1cf49d04e7	"aoe/window_mode.hpp"
ui.literal.0731ae72047797a4	"canonical_building_topology_slp_sets"
ui.literal.073244ecde95ceca	"heavy_demolition_ship"
ui.literal.0739eeab1caee7c2	",\"condition_types\":"
ui.literal.073f96631f52f0e9	"elite_samurai"
ui.literal.073fb5a25902241c	"src/render_asset_coverage.cpp:canonical_naval_composite_sets"
ui.literal.078a21d234a0e207	"create_land"
ui.literal.07954e9c6f6f378b	"CHAT"
ui.literal.07b11af92731b823	"TRIGGER REJECTED"
ui.literal.07c28707b48c6683	"!="
ui.literal.07c56d07b48e702c	" ["
ui.literal.07c5a007b48ec6d5	" ("
ui.literal.07c5a807b48ed46d	"  "
ui.literal.07c5bf07b48efb82	" \t"
ui.literal.07cc4707b4944e48	"\"}"
ui.literal.07cc7807b494a18b	"\","
ui.literal.07d3092b9b58a33b	"nested start_random is unsupported"
ui.literal.07da1a07b4a03f2d	".."
ui.literal.07eb0a07b4ae9730	"5 "
ui.literal.07ee7007b4b17a59	"4 "
ui.literal.07f4a77f89f166ee	"Deploy selected packed trebuchets."
ui.literal.07f89807b4ba12d6	"1."
ui.literal.07f8a207b4ba23d4	"1 "
ui.literal.07ff6e07b4bfea26	"3 "
ui.literal.08031407b4c33a0f	"2 "
ui.literal.08068707b4c6334f	"=="
ui.literal.08068807b4c63502	"=>"
ui.literal.08098b07b4c86ff2	"<="
ui.literal.080cd21f23c695be	"VALIDATION PASSED"
ui.literal.080f5919176d2d91	"map"
ui.literal.08106c07b4ce59f3	"> "
ui.literal.08108707b4ce87d4	">="
ui.literal.081a9e07b4d7036e	"; "
ui.literal.081e0407b4d9e697	": "
ui.literal.082efc89ea77a7b6	"MEDIUM"
ui.literal.0840d508bed2ab10	"{\"resource_id\":"
ui.literal.084660c68d76a294	"Return to building commands."
ui.literal.084e1cb596b7e53e	"control"
ui.literal.0864a21b6b5a6a31	"cannot create roster"
ui.literal.08879e024cb91288	"working"
ui.literal.088c31398cb756bb	"onager"
ui.literal.088e3807b53946aa	"en"
ui.literal.088e3d07b5394f29	"es"
ui.literal.08915307b53baa62	"de"
ui.literal.0896d07540e3e4b8	"lockstep-config-v2"
ui.literal.0896d37540e3e9d1	"lockstep-config-v1"
ui.literal.08984e07b541c091	"fr"
ui.literal.08a64607b54df055	"br"
ui.literal.08a94d07b5503211	"ms"
ui.literal.08a9da295ec48a7f	",\"previous_event_id\":"
ui.literal.08b05d07b5566bef	"ok"
ui.literal.08b35807b5589947	"nl"
ui.literal.08b35907b5589afa	"no"
ui.literal.08b72e07b55c3ac0	"id"
ui.literal.08b73007b55c3e26	"if"
ui.literal.08b73e07b55c55f0	"it"
ui.literal.08be3907b5626c1f	"ko"
ui.literal.08c15407b564cfd7	"jp"
ui.literal.08c16307b564e954	"ja"
ui.literal.08c643c98b44bb79	"UNKNOWN"
ui.literal.08c6487fb1ffc86f	"local multiplayer command queue full"
ui.literal.08d3dce41c560cbc	"browser application stopped during startup"
ui.literal.08d55407b57578e1	"pt"
ui.literal.08dc3f07b57b73e0	"ru"
ui.literal.08deb7b88f57cbd5	"selector-area packing"
ui.literal.08f73c07b592367f	"zh"
ui.literal.09050307b59e1300	"F9"
ui.literal.09050407b59e14b3	"F8"
ui.literal.09050b07b59e2098	"F1"
ui.literal.09050d07b59e23fe	"F3"
ui.literal.09050e07b59e25b1	"F2"
ui.literal.09050f07b59e2764	"F5"
ui.literal.09051007b59e2917	"F4"
ui.literal.09051107b59e2aca	"F7"
ui.literal.09051207b59e2c7d	"F6"
ui.literal.090b40cd8cd78cd9	"SLP frame dimensions are invalid"
ui.literal.091a1228d499c432	"block_printing"
ui.literal.091d3807b5b2fef0	"ON"
ui.literal.0946849de80e3568	"cannot locate user data directory: "
ui.literal.0946ae6d44aa6a6e	"invalid chat event"
ui.literal.0948563a313a2e90	"chat duration exceeds reconstruction tick range"
ui.literal.094c4707b5da892f	"]}"
ui.literal.094c7a07b5dadfd8	"] "
ui.literal.09501e07b5de2c5b	"\\\""
ui.literal.09502c07b5de4425	"\\\\"
ui.literal.09504e07b5de7deb	"\\r"
ui.literal.09505307b5de866a	"\\u"
ui.literal.09505407b5de881d	"\\t"
ui.literal.09505a07b5de924f	"\\n"
ui.literal.09505e07b5de991b	"\\b"
ui.literal.09506207b5de9fe7	"\\f"
ui.literal.0950e5c2d2b6f3fd	"canonical topology-sensitive building SLP selected"
ui.literal.095cfae9db44442a	"unit_death"
ui.literal.095f783721e9a058	"invalid transient effect sequence"
ui.literal.09613a09ba5ce286	"truncated external language DLL"
ui.literal.096a5e18bf857c28	"save"
ui.literal.0977de1751a3b713	"tribute: float amount and transaction fee are not both "
ui.literal.0982508b1eefcfb6	"random_placement"
ui.literal.0994ad7829a02ecd	"tf8.wav"
ui.literal.099af264e8a944f5	"research command rejected"
ui.literal.099f3113c8102355	"fishing ship"
ui.literal.09b0dd2bb859f7d8	",\"g\":"
ui.literal.09b171f15f91c9ef	"set_gaia_unconvertible"
ui.literal.09b4463c8ec01142	"unknown commercial object identity"
ui.literal.09bea61275af7672	"TECHNOLOGY PERCENT"
ui.literal.09d055a0c3b4e784	"canonical linked projectile shadow selected"
ui.literal.09e18db77d694c6a	"trigger area lies outside map"
ui.literal.09fbca4f7b881d0a	"guard "
ui.literal.0a093216dbd37a10	",\"match_id\":"
ui.literal.0a1fab76036516c3	"DIPLOMACY AND TRIBUTE"
ui.literal.0a2541ff23383429	"set_place_for_every_player"
ui.literal.0a34408735728e4d	"Old Water"
ui.literal.0a45a33156bc14e3	"land_generation"
ui.literal.0a53cdf8c9dd5400	"FOREST"
ui.literal.0a698698334be8c4	"Foundation"
ui.literal.0a6befa221de968f	"bearded_axe"
ui.literal.0a6c62a39d9c1b38	"player-state"
ui.literal.0a75fb0417dcf725	"pressed"
ui.literal.0a78820ac4724e3a	"medium_water"
ui.literal.0a84245e888dfe73	" PLACED; STOPPED AT FIRST FAILURE"
ui.literal.0a8f1acc5f9a199b	"heal"
ui.literal.0ab9c0d421f3bb7a	",\"owner\":"
ui.literal.0ad152462ceea15d	"TECHNOLOGIES RESEARCHED"
ui.literal.0ae635ae91391c08	"set-diplomacy"
ui.literal.0ae7b2e700938f77	"create_terrain"
ui.literal.0af16b6b2e499098	"computer"
ui.literal.0b14281923148815	"VICTORY"
ui.literal.0b14afbda90f3806	"logistica"
ui.literal.0b2309481fca64cf	"invalid campaign entry range"
ui.literal.0b2fc7d799f8bb2b	"BLUE VICTORY"
ui.literal.0b3497d8eb7c95a4	"MCP 9.F"
ui.literal.0b3f8fd3447316c9	",\"action\":\""
ui.literal.0b4ef13bbdc81617	"  GARRISON {count}"
ui.literal.0b6f78f811502dc0	"ATTACK-MOVE MODE: right click destination"
ui.literal.0b79d998ab86575d	"disembark "
ui.literal.0b9480f7eb91c375	"SAVE / LOAD / REPLAY BROWSER"
ui.literal.0ba34f72901f00f9	" 0 allies blue \"\""
ui.literal.0bd380356abfa230	"masonry"
ui.literal.0bd9c0f85edbebd5	"Water Bridge"
ui.literal.0bddc62c07f3ec7f	"object_hp"
ui.literal.0bef0691197c9f78	"cost"
ui.literal.0c2a3e09734c3558	"tribute-to-player"
ui.literal.0c2a769c14eb93bf	"scout cavalry"
ui.literal.0c3a32e5e9d6b100	"gather requires villager and target ids"
ui.literal.0c4614c716a0f217	"shinkichon"
ui.literal.0c5f6481f269c163	"ai.stance_retreat"
ui.literal.0c63aaddf1e1e9f2	"create_building"
ui.literal.0c67978279e2546a	"unhandled render action"
ui.literal.0c7e465e92e1266a	"celts"
ui.literal.0c9360be0780ca3c	" + canonical_building_damage_records"
ui.literal.0ca017043228ec6a	"INVALID FILE IGNORED: "
ui.literal.0cabe94de9ed0fa5	"mpg123_open_fixed"
ui.literal.0cb0c163c5dd5b41	"g_sha_00_COLOR.png"
ui.literal.0cba470a9a324905	"SEND VILLAGERS BACK TO WORK"
ui.literal.0cc01f46b27ed844	"bombard_cannon_gate"
ui.literal.0cc44970c8397929	"description"
ui.literal.0cd0f490954a4ee2	"Ongoing"
ui.literal.0cdc1d1078f30677	"AOE_EDITOR_INPUT"
ui.literal.0ce1e78728c71e49	",\"hotspotY\":"
ui.literal.0ce2d4bd2b1ca555	"missing_frame"
ui.literal.0ced96dbae28cb21	"activate_trigger "
ui.literal.0cede5379621d740	"persians"
ui.literal.0cf416a5ab4d1492	"defrule"
ui.literal.0d0f17a2c3f687b4	"move"
ui.literal.0d10c7b96b14524c	"reconstruction defaults are used"
ui.literal.0d14accccf8a7e0d	"\"display_angle\":"
ui.literal.0d180b5715c854be	"duplicate or dangling replay command source"
ui.literal.0d3deba2c41dadb2	"mode"
ui.literal.0d4024e69ff1915e	"frontend.main.exit"
ui.literal.0d54bfafd1a41873	"unknown UI asset role"
ui.literal.0d5feda2c43a977e	"monk"
ui.literal.0d6e15f9d78782bd	"unknown building "
ui.literal.0dc388a20f9d780a	"elite longbowman"
ui.literal.0dd4e91a7fab039d	"building damage overlay failed: "
ui.literal.0deaba142bc6e083	"heresy"
ui.literal.0e0fd9ef7d186bb8	"PATROL ENDPOINT"
ui.literal.0e31944b716c1972	" failed with errno "
ui.literal.0e453b256de9050b	"SINGLE PLAYER RANDOM MAP"
ui.literal.0e478f8541267a94	"trailing bytes after raw-DEFLATE body"
ui.literal.0e4c8cc0d53b9c53	"unknown technology "
ui.literal.0e55c788e1faf092	"invalid RMS include"
ui.literal.0e56050abc9aa0ca	"statistics.title"
ui.literal.0e9e20e5b4a56a8b	"blue slot"
ui.literal.0ea094e3140f7711	"building-memory "
ui.literal.0ea09649f38f29a7	",\"source_mapping\":\""
ui.literal.0ea7ef8a1ccfaddf	"monastery"
ui.literal.0eab94d888986123	"blue_ready_id"
ui.literal.0ebbec60499d37db	"recorded game exceeds 512 MiB limit"
ui.literal.0ee1cf4d3fc579b1	"invalid scenario message in save"
ui.literal.0ee876a6aac1bdde	"locale="
ui.literal.0f0c892ca16bd7d6	",\"clipped_destination\":["
ui.literal.0f168850d19b71aa	"using optional original sprites from %s"
ui.literal.0f1852b72f5d64ae	"hud.gold"
ui.literal.0f1b5e702740ae0b	"g_fm1_00_COLOR.png"
ui.literal.0f1cd05cac5277d1	"hud.hit_points"
ui.literal.0f270a832744f473	"aoe/building_placement.hpp"
ui.literal.0f3b07da6db8bea2	"truncated blendomatic mode"
ui.literal.0f56056d666a8681	"woad raider"
ui.literal.0f583b9ff92637f5	"diplomacy effect is not the represented blue/red pair"
ui.literal.0f6f98fde5fc49a8	"SLP player color source index is unsupported"
ui.literal.0f9187c2064b2d90	"Shallows"
ui.literal.0f98ff7832f780b2	"commercial object requires empty terrain"
ui.literal.0fa3391db68e4425	"disabled"
ui.literal.0fa68d7d38cd18ec	"audio="
ui.literal.0fa726377d8a21ae	"F4 CLOSE  N NAME/SAVE"
ui.literal.0fc9bd67dd3f1491	"Split selected units into flanking groups."
ui.literal.0fd866a9de2deb4d	"reactive-attack"
ui.literal.0fe585ae3fe0dd0a	"Elite Longbowman"
ui.literal.0ff4bb89005ab1f2	"Exit Age of Empires II."
ui.literal.0ff6b5e175e687f8	"invalid lockstep chat frame"
ui.literal.0ff84250539352e1	"Group {group} centered"
ui.literal.1005dfa9b9d1b78a	"STATISTICS"
ui.literal.102562a7e542023c	"siege ram"
ui.literal.102ce1382d2ec9d0	"native area_presence counts a player population"
ui.literal.1034f026123fc165	"Chemistry"
ui.literal.1047e92867e80265	"outpost_gate"
ui.literal.105f328cbc8ae9e0	"BOUNDED SDL USER-DATA ROOT; NO DELETE OR ARBITRARY PATH"
ui.literal.106035e06a901f0e	"buy-resource "
ui.literal.107f623d8457dbf8	"composite graphic "
ui.literal.1085c0b8ff1093a6	"SETTINGS SYNCHRONIZED"
ui.literal.108dc50c4966e834	"inflated header has unknown game-version signature"
ui.literal.10ac9178f6044d6c	",\"constructionTicksRemaining\":"
ui.literal.10b4a0491a68a651	"attack-ground "
ui.literal.10bda3f5de3add81	"%d,%d"
ui.literal.10bf5e006118c37d	"heavy_camel"
ui.literal.10c61fff89cfe60f	"invalid 4096-byte elevation table"
ui.literal.10cb30645272a60e	"invalid DRS extension"
ui.literal.10cfbcb50b48e360	"invalid campaign scenario entry"
ui.literal.10d88b83b3742989	"jaguar warrior"
ui.literal.10eab7c6322bff6b	"scenario-objective "
ui.literal.10f2dcb841372d0c	"socket"
ui.literal.111af404aa794fe7	"conquistador"
ui.literal.113e71834f448456	",\"redContiguous\":"
ui.literal.114d11d29daa2660	"cannot use terrain blend candidate %s: %s"
ui.literal.11849dcad37806f7	"Theocracy"
ui.literal.11a0c4ce46bb1c39	"cannot write checkpoint"
ui.literal.11a44fc1d1243da7	"moving"
ui.literal.11b067e131f5711c	"elite_chu_ko_nu"
ui.literal.11b20ac94fdbfbe4	"save version"
ui.literal.11b9b3ec1bf0815d	",\"halfHeight\":"
ui.literal.11c532eff42dc4f0	"AOE_MULTIPLAYER_SCRIPT_SIGNAL"
ui.literal.11dedd7c87afd6cb	"cannot load commercial building graphic %d: %s"
ui.literal.1208249590b22790	"sheep click proof passed: %s"
ui.literal.120875245cfe21b3	"min_distance_cliffs"
ui.literal.1212106028b1e60c	"RELIC"
ui.literal.122c4e6c8ff0ed45	"Exit"
ui.literal.122ee13b2f09fefc	"locked marker requires gate"
ui.literal.123771fc083a7072	"AOE_MULTIPLAYER_SCRIPT_CHAT"
ui.literal.1237c3cc4a3b9012	"#include"
ui.literal.1253b80041b27796	" carried_before="
ui.literal.12577c0f32091657	"expired or invalid lobby lifetime"
ui.literal.125850d436ee7277	"resource condition has an unmapped player/resource"
ui.literal.1261d501a112897a	"AOE_EDITOR_PATH"
ui.literal.126593191dc1e69b	"lag"
ui.literal.126cbdfc53295de9	"VILLAGER HIGH"
ui.literal.126f6c68e636f133	"invalid multipurpose constants or length"
ui.literal.1275175c555db98f	"UI icon frame outside SLP"
ui.literal.127c97496d772b83	"unit_destroyed"
ui.literal.1288033f32fb68ca	",\"resourceBuildingId\":"
ui.literal.128bef90bd736822	"gamedata.drs"
ui.literal.128f4fa52b2dd634	"macaw"
ui.literal.129387beb708b1ca	"ATTACKING GROUND"
ui.literal.12a16f1cebca0bb7	"HP {current}/{maximum}"
ui.literal.12a95f71033f9c00	"missing environment: "
ui.literal.12aa397561d0335c	"unsupported or corrupt computer state"
ui.literal.12c9d03d61c2cb54	"scenario file exceeds 128 MiB limit"
ui.literal.12dc8dcbdc5301bd	"translated_object_has_unapplied_fields"
ui.literal.12dec957ec0c66ee	"RETRY CURRENT SCENARIO"
ui.literal.12e0eae49e190c22	"snow_forest"
ui.literal.12e11e5fe31dd6cb	"LINK: "
ui.literal.131a6b09ff22d28f	",\"open\":"
ui.literal.131cc50d33c8e72a	"blue_missing"
ui.literal.131d45b7f95e8f15	"long swordsman"
ui.literal.1330fd70ca594564	"marlin2"
ui.literal.13310070ca594a7d	"marlin1"
ui.literal.13326e7f8eb51d8f	"CAMPAIGN MISSION BRIEFING"
ui.literal.134ce8320ee01182	",\"animationState\":\"impact\""
ui.literal.1350176f0a1dfd8a	"jaguar_warrior"
ui.literal.13674cba1a4d5dfd	"siege workshop"
ui.literal.13c149e73ba527bc	"AOE_MULTIPLAYER_EXIT_TICK"
ui.literal.13cb82e23ea6535d	"cannot read complete scenario file"
ui.literal.13d6d4aac4af04a8	"AOE_MULTIPLAYER_CAPTURE_STATE"
ui.literal.13dadc80c0807c91	"fire ship"
ui.literal.13f38238a983de00	".direct"
ui.literal.13ffa24698308dd7	",\"startRequested\":"
ui.literal.140bab97e9f2eaac	"byzantines"
ui.literal.1416ffd50873c1be	"trailing objective data"
ui.literal.1437c31376f4e037	"HASH MISMATCH"
ui.literal.144724b3ec96e49e	"Return to unit commands."
ui.literal.144a59be52c497fe	"cannot flush checkpoint"
ui.literal.144c92aab7483907	",\"red_contiguous\":"
ui.literal.145463baf791fe7c	"imperial"
ui.literal.1461bf2d041917eb	"PATROLLING"
ui.literal.1470d9cdfe2d62f9	"missing or malformed hotkey"
ui.literal.14a28c643481814d	"cannot open elevation asset"
ui.literal.14be04bc1e1fb07d	"proposal_id"
ui.literal.14c1655c2f2f232f	"VICTORY: DEFEAT ENEMY KING"
ui.literal.14d3276beceb56d5	"could not create settings directory"
ui.literal.14d77f672932c6bb	"galley"
ui.literal.14de8e21954265e7	"GOLD GATHERED"
ui.literal.14df5155a6476114	"invalid or duplicate trigger"
ui.literal.14e910657ecc4213	"MISSION BRIEFING"
ui.literal.14f99be6bc21dd42	"food_buy"
ui.literal.151ffd4cb324a298	",\"animationState\":"
ui.literal.154e4473d896486f	"RESIGNATION SUBMITTED"
ui.literal.155bf0f2229508f2	"incomplete native diplomacy in save"
ui.literal.156078ce9872afdd	"MATCH RULES CHANGED"
ui.literal.1575eb69e865db93	"mouse_speed="
ui.literal.159580ab813bf58b	"hello rejected"
ui.literal.15a20ab31a43400b	"\"building_state\":\""
ui.literal.15af4da8a68a72e9	"roster multiplayer failed: "
ui.literal.15b3f3cf76ddd897	"theocracy"
ui.literal.15ba7fcfa907ce57	"Fire at a chosen ground location."
ui.literal.15ba9bcc126d2b1d	"NOT READY"
ui.literal.15daca4e945d4cab	"JSON integer out of range"
ui.literal.15dccc871b857d35	",\"blueMissing\":"
ui.literal.15e96e19b0a655d2	"BOX"
ui.literal.160c343ae9f6a6f1	",\"flip_horizontal\":"
ui.literal.161964d698a45995	"set_avoid_player_start_areas"
ui.literal.1623df28bfa8ba0b	"spacing_to_other_terrain_types"
ui.literal.164bd08901d56245	"UNPACKING"
ui.literal.165d3819b108ea9e	"Bin"
ui.literal.1667f96d19635ec7	"Zone"
ui.literal.16785a91e36ced0d	"empty lockstep scenario digest"
ui.literal.16788de1cb84ba62	"unresolved localization argument"
ui.literal.16790f1e1738e20a	"reactive-sound-sequence"
ui.literal.167d9ee37a9b2ae9	"YELLOW"
ui.literal.1685fd03059e147e	"Cancel last queued unit and refund its cost."
ui.literal.168e5177f27ac324	"canonical impact animation selected"
ui.literal.16a28ac414cb6c92	" sound "
ui.literal.16b55553ad7ad2db	",\"returningResource\":"
ui.literal.16bace83c52eba54	"g_bch_00_COLOR.png"
ui.literal.16bdbd1bff2f1380	"AI DEBUG  {difficulty}  Phase {phase}  Age goal {age}  Objective {objective}"
ui.literal.16c75d2cdd8ec4f7	",\"direct_object_references\":"
ui.literal.16c9d8949ba2e50c	"control_group.building"
ui.literal.16d376d3afc5c0c7	",\"sender_slot\":"
ui.literal.16db5bf43c472aa2	"pressure"
ui.literal.16f3e46051eee3e8	"target"
ui.literal.16f8943e60a614a8	",\"hasResourceTarget\":"
ui.literal.170359cb76203117	"Viking.mp3"
ui.literal.17038635903237f4	"   ALLIED VICTORY: "
ui.literal.172175ed7a2da49b	"PROTOCOL MISMATCH"
ui.literal.173c7fdce291cd3f	",\"stage\":"
ui.literal.173f749575195c8a	"render_unit:procedural_body"
ui.literal.17514bbcd7c2c0c2	"invalid computer difficulty"
ui.literal.17582cba77c45854	"invalid elevation ICM index"
ui.literal.1759cc6fecf46ba4	"Villager 3 Outpost F12 Wonder  Market Alt+T cart  Cart Alt+T route  Ctrl+Alt+A/N/E diplomacy  S stop"
ui.literal.176efad07ea8383e	"TIME UNAVAILABLE"
ui.literal.177bc20d6f2d30cb	"fast_fire_ship"
ui.literal.178499a985dc9cc5	"flank"
ui.literal.1795b5d2bdb94bc0	"Campaigns"
ui.literal.1795cd194ef52b00	"PACK"
ui.literal.17ab021ad5e643b7	"NEXT UNLOCKED: "
ui.literal.17b133d89a7aaa4b	"invalid farm reseed queue in save"
ui.literal.17b6b3cd27343b6b	"signal "
ui.literal.17dc489134bd6421	"destroy-object condition has a nonpositive object ID"
ui.literal.17dd5f733d9dc041	"kataparuto"
ui.literal.17f4ebc6711475c1	"CHECKPOINT MATCHED; HOST SAVED"
ui.literal.17fec90b2645f9b6	"scenario description has embedded NUL"
ui.literal.1806f6b63ed91d85	"/resources/browser-risk-spike.scenario"
ui.literal.18254ab8dc8486fa	"represented"
ui.literal.182e1efa2885fc30	"cannot read campaign scenario: "
ui.literal.18456d55583da311	"sounds_x2.drs"
ui.literal.18671db35cb8bfd1	"hud.mode_guard"
ui.literal.186b59b2d29ac94d	"STAGGERED"
ui.literal.18760916abaf53a6	"Elite Samurai"
ui.literal.1882266df8edf6a6	"AOE_MAIN_MENU"
ui.literal.188f1e7ee81ba97c	"UNLOCKED"
ui.literal.1897b86928215e45	"red peer ID"
ui.literal.18aacd5e578f5b4c	"Collect a relic from the map."
ui.literal.18ac487b03e5b7f4	"using original terrain.drs SLP 15017 beach frames: %zu"
ui.literal.18b095dba4cff6fc	"campaign progress committed but directory sync failed"
ui.literal.18c1c70ab9626e6c	"invalid market resource"
ui.literal.18d00615fafc23ae	"unsupported settings header"
ui.literal.18d4698b5f917a47	"ALLY"
ui.literal.18efdbc9ff8c8db0	"human-player "
ui.literal.190b0186c769731c	"invalid scenario trigger condition count in save"
ui.literal.1927660cc903570e	"scenario-trigger"
ui.literal.19475b54dd47096f	",\"completed_commands\":"
ui.literal.194af37c538b6d59	"atomic replacement failed"
ui.literal.19971a7d89141508	",\"completed\":"
ui.literal.19c8d179a04e19d5	"aoe/pathfinding.hpp"
ui.literal.19cbeb6b03d136cf	"javelina"
ui.literal.19fa32ca64386794	"SELECTED"
ui.literal.1a00aae5707e7b94	"statistics.economy"
ui.literal.1a0b250ef98f6567	"oversized trigger string"
ui.literal.1a11956711307815	"unknown campaign progress record"
ui.literal.1a15648d95193844	"missing barrier submission"
ui.literal.1a15823c067a3330	"g_fm2_00_COLOR.png"
ui.literal.1a1624bd0ae57df5	"invalid formation-kind record"
ui.literal.1a249b1921e2bdea	"off"
ui.literal.1a54e6b23dbf3093	"unmatched checkpoint barrier"
ui.literal.1a5ecd2fa622405e	"Drill"
ui.literal.1a5ef9ec5988fefe	"start_random_map"
ui.literal.1a60ab8358ea88b3	"duplicate scenario objective"
ui.literal.1a65477397db4aa6	" Age"
ui.literal.1a8b82ac20a4af82	"architecture"
ui.literal.1aa1dfa488070a37	"reactive-attack "
ui.literal.1ac45c30fe9b0da8	",\"last_bundle_sequence\":"
ui.literal.1ae0330ea273926c	"town-center-dark-annexes-red.png"
ui.literal.1ae423bec4e599e1	"cannot write runtime render fallback report: "
ui.literal.1b08db7f00c6dba8	"chain_mail_armor"
ui.literal.1b1049b1eb564dab	"building has no completed root for selected age/family"
ui.literal.1b171aaf60c90fd1	"add_resource"
ui.literal.1b1bd660b236b12e	"header length lies outside file"
ui.literal.1b22e9b9e88019cc	"ENTERING GARRISON"
ui.literal.1b2cedc75a66353c	"N NAME/SAVE   ENTER LOAD/PLAY   UP/DOWN SELECT   ESC CLOSE"
ui.literal.1b3bb52561e6ac9f	",\"logicalDirection\":"
ui.literal.1b4b9c59b3854dc5	"{\"ok\":true}"
ui.literal.1b5aab8c58e25b80	",\"control\":"
ui.literal.1b6fb82134dec43c	"extension is not evidenced as a classic Genie save/record"
ui.literal.1b783140b93993bb	"Aztecs.mp3"
ui.literal.1b7c5ff28d8a788d	"Parthian Tactics"
ui.literal.1b87d9bf771c0897	"siege_ram"
ui.literal.1b8be7b559be3916	"{\"center\":["
ui.literal.1b9b641e6c60c65f	"fullscreen="
ui.literal.1bbb3484a2c755c1	"RECONSTRUCTION PANEL; NO ORIGINAL DIPLOMACY ART CLAIM"
ui.literal.1bbef16d9e109365	"stance"
ui.literal.1bd3fe73802f7aeb	"trigger effect requires blue or red player"
ui.literal.1bdad3bbd503e088	"archery range"
ui.literal.1be68b694a97c276	"VER 5.7"
ui.literal.1bf8d967afb39ab1	"roster-diplomacy"
ui.literal.1c0ea772de28e773	"Draw"
ui.literal.1c2420aa6575a571	"farm resource amount outside valid range"
ui.literal.1c2e4b19afd4298d	"town.mp3"
ui.literal.1c4904ab5da21f6a	"bodkin_arrow"
ui.literal.1c4b98deef5e330a	"nothing"
ui.literal.1c4f65df9c842b2a	"hud.population_paused"
ui.literal.1c78eb3a86e7d258	",\"blueVillagerId\":"
ui.literal.1c9411584dbb7446	"invalid trade route state in save"
ui.literal.1cafb9f4441666d7	"[DONE] "
ui.literal.1cb67ec3ac5d8fc2	"-expected.tga\",\"x\":"
ui.literal.1cc0e9a41e8b6b1e	"Siege Engineers"
ui.literal.1ccae3b6ef72f533	"lobby"
ui.literal.1cdf7d4f81e062e5	"invalid victory-condition count"
ui.literal.1ce505981591df61	",\"audience\":"
ui.literal.1d114154b0d0b590	"  WAITING"
ui.literal.1d1aab87c44dade0	"area_presence "
ui.literal.1d1d994ab47aa55f	"screen resolution is outside supported bounds"
ui.literal.1d39ab240ad8df2f	"render_building_rubble:procedural_body"
ui.literal.1d3c0d85aaf18749	"FOOD"
ui.literal.1d595f431b861a6d	"Live render extent logical=%dx%d output=%dx%d "
ui.literal.1d5d47e59c2b9987	"advance "
ui.literal.1d6e8571ab592f9c	"QuickMatchSize"
ui.literal.1d825f2422e04828	"SAVE"
ui.literal.1d82ba702cec6230	"oversized TCP frame"
ui.literal.1d85df46a0ef329f	"incomplete native roster in save"
ui.literal.1da17403c7c1a061	" references absent shadow SLP "
ui.literal.1daad7258cb019ce	"invalid commercial resource"
ui.literal.1dad60754321ef86	"invalid statistics timeline in save"
ui.literal.1db4caadf9c41765	"generic_impact"
ui.literal.1dbf34833d84f794	",\"resourceUnitId\":"
ui.literal.1dc7c3186bce3ac7	"pre-start turn event bound exceeded"
ui.literal.1df8c951b5ce78b8	"water_bridge"
ui.literal.1dfc64fc9947427c	"jungle_forest"
ui.literal.1e056d0823b4bb40	"scenario contains unavailable blue technology"
ui.literal.1e2e5af67ffca224	"intentional_procedural"
ui.literal.1e3013abb65e41e9	"Galleon"
ui.literal.1e3cfe643b3ea22e	"overlapping campaign entries"
ui.literal.1e5099ef2e9bcca9	"tile"
ui.literal.1e5e9149ad0ce9c0	"Supremacy"
ui.literal.1e749af52af26b8b	",\"units\":["
ui.literal.1e7683ef2ebc7684	"tick"
ui.literal.1e89755945cfd331	"OBJECTIVES"
ui.literal.1e8b557acfa38ac4	"hotkey_"
ui.literal.1e91c4ba94ea45fe	",\"max_moving_units\":"
ui.literal.1e9bd05f21c2b0ec	"civilization has no canonical Wonder root"
ui.literal.1eac13a0c4f4a18d	"RIGHT CLICK FRIENDLY UNIT OR BUILDING"
ui.literal.1eb2b28be7063f91	"REMATCH"
ui.literal.1eb40128c64b6901	"lobby address mismatch"
ui.literal.1ebd8e744d2e8d5d	"man-at-arms"
ui.literal.1ec21a6c32bc8ccb	"tile "
ui.literal.1ec6816689b0228e	"Hand Cart"
ui.literal.1ec8e434e0bee301	"src/render_asset_coverage.cpp:canonical_resource_asset_sets"
ui.literal.1ed1af05ec5b28e3	"aoe/commercial_multiplayer_protocol.hpp"
ui.literal.1ed4f80cf0059fad	"record offset "
ui.literal.1ef7b6e6e325f106	"cannot load original civilization HUD files: %s"
ui.literal.1efe89ed203329b9	",\"idle\":"
ui.literal.1f200577b7fe7d9d	"empty turn batch"
ui.literal.1f24608be83aa6aa	"DRS table count is invalid"
ui.literal.1f259de20469365e	"delete "
ui.literal.1f2ce18f0958d112	"RESOURCES"
ui.literal.1f36e1b7ce008930	"effect lacks the pinned 24-property schema"
ui.literal.1f4216a2ce84a3c3	"map "
ui.literal.1f4d4264f6fbfa29	"other_zone_avoidance_distance"
ui.literal.1f5c3500c372885a	".progress"
ui.literal.1f5d58bdb95660a0	"TRIBUTE "
ui.literal.1f89f728ca250f92	"siege onager"
ui.literal.1f92ec4cad7029bb	"campaign progress is stale; start fresh explicitly"
ui.literal.1f9c306459a465df	"object-HP condition has a nonpositive object ID"
ui.literal.1fb6c4b72e5dd026	"PROJECT-NATIVE SAVE / REPLAY FILES"
ui.literal.1fc5266fbe07094c	"Yeomen"
ui.literal.1fc69c2138a34ae3	"sound count"
ui.literal.1fcf89301646e046	"cannot load commercial object graphic %d: %s"
ui.literal.1fea402c618dd602	"Could not query drawable size: %s"
ui.literal.1ff9477f7ac763c7	"wheelbarrow"
ui.literal.200a53dba333339a	" target_amount="
ui.literal.2011ed13232e15e4	"player color count"
ui.literal.201529cf592f4ec4	"goths"
ui.literal.201bdb0d304b24ea	"campaign import already in progress"
ui.literal.20217454db8470a2	"\",\"expectedRequiredFrameCount\":"
ui.literal.2035b37f57e591d1	"inflated scenario exceeds 256 MiB limit"
ui.literal.203efeeb47cc99d6	" cannot be played: "
ui.literal.2057dd9771655b71	"expert"
ui.literal.20592e9be45d9ffa	"formation-move"
ui.literal.205d2bc35dafb2f2	"NORMAL"
ui.literal.2083c8a50efb1012	"   TEAM "
ui.literal.208809d942ad7b63	"FilterMaps.dat"
ui.literal.2098148ec99fb680	"forest"
ui.literal.209fc838f492d572	"aoe/legacy_dat.hpp"
ui.literal.20a0c4308fccad8a	"generic_splash_stone"
ui.literal.20a51eb3462deac4	"invalid unit kind in save"
ui.literal.20cb39ac4db36368	" active_before="
ui.literal.20effab617c77b23	",\"usableRelayCount\":"
ui.literal.2111758d2827d1f1	"fervor"
ui.literal.21159d601e3fd4bb	"easy"
ui.literal.21208c6d4887127b	"runtime unit death-effect selection"
ui.literal.213b8ee16c0b8a73	"attack_move"
ui.literal.213c254825d854a4	"legacy asset is truncated"
ui.literal.2158d41116bbb1ea	"Cannon Galleon"
ui.literal.2162b4d162c30747	"CHAT [ALL]  TAB: ALLIES"
ui.literal.216dbd1de4d3f45c	"mapped animated graphic has no drawable data"
ui.literal.216f0c7724ed6d07	",\"render_p95_ms\":"
ui.literal.2184fae6201e2b97	"mouse speed must be between 25 and 400"
ui.literal.219160260fe3264e	"invalid lockstep frame kind"
ui.literal.21cf194527cbf44c	"current-age"
ui.literal.21db4e7e5735a00a	"shipwright"
ui.literal.21e1140289e53327	"Wheelbarrow"
ui.literal.21ea599eb5bb5ab1	"invalid controller state in save"
ui.literal.21ecad654c920b81	"TRANSPORT: CAPTURE SIMULATION"
ui.literal.21f18a6971e31fac	"barrier_tick"
ui.literal.21fd1152b634aadf	"cannot open legacy asset archive"
ui.literal.2202349d212e1bbe	"cannot load optional legacy animation %d: %s"
ui.literal.22321bd47ed8de71	"aoe/campaign.hpp"
ui.literal.224687be54ef9dcf	"\"renderer_call_site\":\""
ui.literal.22563611c8dfc04d	": unexpected record"
ui.literal.226775f9c7e8fc0d	"using exact classic FilterMaps.dat slope scanlines"
ui.literal.226ff7f38277ad09	"remembered-building-"
ui.literal.2275c27cfef89564	"min_distance_to_players"
ui.literal.2281498aa0200e40	"speed"
ui.literal.22a271e27a9ebce2	"AOE_CONSTRUCTION_AUDIT_PERCENT"
ui.literal.22a864e28c388c6d	"[DONE]"
ui.literal.22eaf925054f0efa	"overlapCapture"
ui.literal.23011efcac9c7abf	"scenario-message "
ui.literal.231603ab13e86328	"AoE II HD Archaeology Reconstruction"
ui.literal.23294eddee2841b7	"construct command rejected"
ui.literal.232da88cbe709c44	"invalid sell-resource record"
ui.literal.236c3e9740a590e7	"lossless native remap"
ui.literal.237f54c760766194	",\"condition_count\":"
ui.literal.238932605665f936	",\"formationSlotX\":"
ui.literal.23b8207e0f0bacb9	"R / CLICK: READY"
ui.literal.23c6002452214f17	"SLP row outline is invalid"
ui.literal.23cc3977ebd1ad7f	"start rejected"
ui.literal.23e5466728b468b1	"frame-"
ui.literal.23e5906728b4e66f	"frames"
ui.literal.23e5c4a007fc6565	"fnv1a64-v1:"
ui.literal.23eb6b4531022ee5	"%u,%d,%d"
ui.literal.23f84ca4419411db	"embark "
ui.literal.240012b844c9cc23	"aoe/game_command.hpp"
ui.literal.2415291cb96912ad	"Economic map: resources, workers, trade and economy buildings; Statistics shows resources."
ui.literal.241c6f01e3979d7d	"husbandry"
ui.literal.242d9905408b0d06	",\"redPublicKey\":"
ui.literal.24565cca4ec67e75	"final_tick"
ui.literal.245682a61aefa0ca	"Unknown Age"
ui.literal.247363d09da8fd27	",\"sessionStatus\":"
ui.literal.247698c4b9899d88	"Beach"
ui.literal.24959fc8973c0a0c	"invalid projectile owner in save"
ui.literal.2499835e0e12a5de	"missing or oversized DEFLATE body"
ui.literal.24a361875b6575c6	"mongols"
ui.literal.24a91dd80f7e0f6a	"No visible objectives."
ui.literal.24b40bdeae04b946	"unsupported second_object type "
ui.literal.24c9ee302c89cdfb	"activate_trigger"
ui.literal.24e08352cd84c166	"\"age\":\""
ui.literal.24f8437d251a7e45	"reseed"
ui.literal.250eb253f58b176e	",\"effect_count\":"
ui.literal.25167427d69e03de	"Begin with high resources for a fast-start battle."
ui.literal.251b68bb6ab79f98	"Custom Campaign"
ui.literal.251ec6862678b2fb	"control-proposal"
ui.literal.25214fb5138e2bf4	"resign: disconnect flag has no Replay representation"
ui.literal.252176f98f7d725f	"Throwing Axeman"
ui.literal.2554ff8d64f4aa7d	",\"entities\":["
ui.literal.2559b0adf02cdb44	"scenario locked marker requires gate"
ui.literal.2579870add1b2b01	"Statistics: show information for selected minimap mode."
ui.literal.2586f090e432f32d	"SEED -/+ : "
ui.literal.25935d7a83a03da9	"leaves"
ui.literal.2593d0c70a1c5074	"Sound"
ui.literal.259bc252ef3e9fdd	",\"missing_property_indices\":"
ui.literal.259bf6648f23b61c	"town-bell-building "
ui.literal.25bc6736cbbb5eb7	"fish_trap_gate"
ui.literal.25c392d3f36e4b1d	"healing"
ui.literal.25c57613275e0372	"Allow this gate to open for you and your allies."
ui.literal.25f1ea36aec3e584	"cannot determine legacy DAT size"
ui.literal.261ca0ca7fda0124	"hud.mode_conversion"
ui.literal.261e64afe1915b0f	"turkey"
ui.literal.2633e71f8616c0be	"Music unavailable: mpg123 runtime library could not be "
ui.literal.2643d27bc7eb42ab	"invalid formation kind in save"
ui.literal.26480ca9463eabb6	"CheatsEnabled"
ui.literal.26504667aa28ab53	"unmapped PE RVA"
ui.literal.267a6e119dc55972	"War Elephant"
ui.literal.267d5e6259f0fdc9	"heavy_cavalry_archer"
ui.literal.2685780d162f7064	"invalid player-slot"
ui.literal.269da0ed2dd6f2e3	"could not write gameplay benchmark report"
ui.literal.26a135c89e18c221	"TRIGGER ADDED"
ui.literal.26a2c9f9b225434a	"terrain "
ui.literal.26a7314a0248b4b0	"\"composite_slp_ids\":["
ui.literal.26d1f7b2d2ea9b1d	"collect-relic "
ui.literal.26d3310d872a24e5	"scenario-message"
ui.literal.26efeb085c4f08e1	"cannot locate executable directory: "
ui.literal.26f74cfc0301ed3d	"gunpowder_shot"
ui.literal.26fc68561aa2b149	"placement outside map"
ui.literal.27004fab4847a458	"BOUNDED RECONSTRUCTION FRONT END"
ui.literal.271d3d9971237bf2	"unmatched closing brace"
ui.literal.272551e740187c6f	"building "
ui.literal.272554e740188188	"building-"
ui.literal.2727a776c109d955	"AOE_MULTIPLAYER_STATE_PATH"
ui.literal.272cbd92fbe8607c	"move "
ui.literal.273984a228a9a44e	"invalid entity trigger condition"
ui.literal.2742bc388846b7bc	"hud.mode_build"
ui.literal.275bddcd8fb72491	"mayan-resource-remainders "
ui.literal.276b1228fd68b141	"CONNECTING TO LOCALHOST"
ui.literal.277f3d0f10a953ce	"Double-Bit Axe"
ui.literal.27a2322f4c8a8843	",\"waypointCount\":"
ui.literal.27a67e0e4087f7f4	"dry_dock"
ui.literal.27c2664537773cea	"hud.idle"
ui.literal.27d96a2ef2af5153	",\"startSent\":"
ui.literal.27e44503016b0353	"empty string table"
ui.literal.27feb59bb3880c33	",\"directionCount\":"
ui.literal.2816dd411f7488de	"reviewed procedural contract in "
ui.literal.281a59c7761452ec	"TICK "
ui.literal.28295f40d0edf1c4	",\"blue_contiguous\":"
ui.literal.28502fe6ed81c240	"mangonel"
ui.literal.2855b6652b196901	"invalid fog world state"
ui.literal.288cfeeaddc25e0c	"native roster/diplomacy pairing"
ui.literal.2891d06e734bbb57	"saracens"
ui.literal.28a093dfbf7ad705	"small_map"
ui.literal.28ae2742fb8b2ae1	",\"patrolling\":"
ui.literal.28afc2b984f96e1d	"AOE_MENU_FOCUS"
ui.literal.28c77fc5af01e3ac	"damaged"
ui.literal.28d2bfbf0eea1514	"roster needs host slot 0 and at least one peer"
ui.literal.28fa35f397944bcb	"elevation source offset is invalid"
ui.literal.291407cdef51d9ac	"SMALL"
ui.literal.2918664ccd4d8d20	"crenellations"
ui.literal.2924326be89ecf64	"  TICK "
ui.literal.29329778e22823e6	"Elite Huskarl"
ui.literal.2948705228ef92dd	"fixed browser assets: loading DAT"
ui.literal.294bb5cb65cf9ad0	"bombard_tower"
ui.literal.2955e27d606b0351	"/resources/browser-skirmish.scenario"
ui.literal.297a1c7c2377fc8e	"GUARD"
ui.literal.297acd6b458c7ca3	"town_center"
ui.literal.297dfc3e97a6df93	"cancel-production "
ui.literal.2986b794a2c8e8bd	"commercial-queue"
ui.literal.2996887110dec186	" music "
ui.literal.29a12e9461657cc1	"RESIGN"
ui.literal.29dbffd3ceca0748	"LOCAL"
ui.literal.29deb4ac60f17234	"AI debug hidden"
ui.literal.29ff5891a3a2d465	"invalid turn batch tick range"
ui.literal.2a01d7ec316d551e	"classic campaign import requires configured game data"
ui.literal.2a167757b916469f	"using fixed browser terrain texture from %s"
ui.literal.2a19a9ab8f8fdb61	"building-rubble-"
ui.literal.2a23e97b47bb29bd	"attack-move"
ui.literal.2a2e8a5afcc8d89a	"current"
ui.literal.2a37cd291326ba16	"koreans"
ui.literal.2a40bd2d9eb86449	"AOE_NOSTR_MATCH_REFERENCE"
ui.literal.2a6269f0c0ecb4aa	"active Town Bell has invalid source"
ui.literal.2a653c4c4e96346f	"invalid body player-table count"
ui.literal.2a6aecdf61f55f1c	"SLP palette index is invalid"
ui.literal.2a8a4a1e0a37c6a1	",\"framesPerDirection\":"
ui.literal.2a967c20af7c99f1	",\"reliabilityReason\":"
ui.literal.2a9a6daed4f6ab47	"TIMELINE SAMPLES UNAVAILABLE"
ui.literal.2aa2d4c73a4c738b	"commercial-production "
ui.literal.2aafee2bf7b84b31	"canonical_gate_construction_sets"
ui.literal.2abf97226f917a3d	"unknown localization key"
ui.literal.2abfd44b18e816fa	"\"slp_id\":"
ui.literal.2ac3a316b6b55ce2	"invalid JSON punctuation"
ui.literal.2ad5aa3351efaaba	"AUTOSAVE SYNCHRONIZING"
ui.literal.2ae610a77db6bf1e	".cpx"
ui.literal.2ae622a77db6ddb4	".cpn"
ui.literal.2ae64cdf663b7575	",\"status\":\""
ui.literal.2af66eea3e115606	"fcntl connect nonblocking"
ui.literal.2af973e6ad3e3b38	",\"buildings\":"
ui.literal.2b01463551d3ac59	"editor.actions"
ui.literal.2b14a88fd0a888c8	"non-finite scenario float"
ui.literal.2b1e179397269aab	"trigger references missing trigger"
ui.literal.2b2172f8a99202fa	"canonical_building_composite_sets"
ui.literal.2b33a1b27c5e28a2	"end_random without start_random"
ui.literal.2b543b01a2908c99	"unknown diplomacy "
ui.literal.2b5db35850cd3ae1	"invalid localized font height"
ui.literal.2b7273a1a736fcda	"CTRL+ENTER / CLICK: START"
ui.literal.2b7e17192bb80aa0	"id "
ui.literal.2b89ee24b0d660f6	"screen_width"
ui.literal.2b95dc192bcc3840	"ice"
ui.literal.2b998d5a6f757279	"COMMERCIAL FORMAT: INSPECT-ONLY"
ui.literal.2b9fbc0f1b24f9f3	"CHECKPOINT WRITE FAILED: "
ui.literal.2ba7b1672cd81e10	"franks"
ui.literal.2bbaf53d00338508	"primary-action selection-reuse has trailing bytes"
ui.literal.2bbd4fb8a06a65e0	"GAME SPEED"
ui.literal.2bc61a7f783983b6	"start commit rejected"
ui.literal.2be5705c42a81bd0	"invalid"
ui.literal.2be92d578e8d6ae9	"commercial-production"
ui.literal.2c13713372c2c0cf	"aoe/ui_assets.hpp"
ui.literal.2c22e9cfc7eadaf1	"turn_batch"
ui.literal.2c3fe5605b58e165	",\"formationSlotY\":"
ui.literal.2c448fc64cff7707	" TICKS   RTT "
ui.literal.2c54fedc4d2a99a5	"NOTHING TO REDO"
ui.literal.2c8938b27f35ef27	"CHAT AUDIENCE"
ui.literal.2c97d4cb07719be1	"manifest-digest "
ui.literal.2cc20e29baee7344	",\"gathering\":"
ui.literal.2cdf4f9ffba2c44c	"learn-to-play uses its authored scenario"
ui.literal.2ce7fc2a993476a0	",\"half_height\":"
ui.literal.2ce86686fd0c82e8	",\"formationWaypointCount\":"
ui.literal.2cee81bba4026aee	"match-statistics"
ui.literal.2cf74b85b367322f	"FAST"
ui.literal.2cfa0f4b41a00b38	"ui.literal."
ui.literal.2d033c7f2f15b794	"fishing_ship"
ui.literal.2d19df18d4078885	"sell"
ui.literal.2d1ff318d40c162f	"send"
ui.literal.2d582f154a15eb09	"University:"
ui.literal.2d5e0075b1275688	",\"owner\":\""
ui.literal.2d76614bcbb817b3	"AOE_LOCALE"
ui.literal.2dc44d178dd66166	"DARK AGE"
ui.literal.2dcbec02bec45bef	"ORIGINAL SERVICE: "
ui.literal.2dcc6b225867cc6b	"ENTER / CLICK: CONTINUE   ESC: BACK"
ui.literal.2dd61c0f32065d25	"attack-reveal"
ui.literal.2e018db5bf41ae0c	"interfac.drs"
ui.literal.2e089960bcc9460a	"japanese"
ui.literal.2e1c9485e09cace1	"diplomacy enemy"
ui.literal.2e302cb1cfbad1e2	"Wonder Plans"
ui.literal.2e373913e5ad677d	"0123456789abcdef"
ui.literal.2e3a15f70a93aad1	"unconvertible"
ui.literal.2e3ab4cc7418679c	"hard"
ui.literal.2e4ba3cc7426bdec	"hawk"
ui.literal.2e52aa2339cf7943	"town-bell "
ui.literal.2e9ab7dd22ee0016	"invalid research record"
ui.literal.2eade72c6bece889	"map must be declared first"
ui.literal.2ee6bf0171b865d1	"ocean"
ui.literal.2eed314302fcfbff	"TYPE SLOT NAME; ENTER SAVES"
ui.literal.2f24255320090a6a	"stand ground"
ui.literal.2f37251185a0ebd2	"dying"
ui.literal.2f41cdb50b6174c0	"unhandled asset coverage status"
ui.literal.2f536d97df0bd262	"invalid scenario trigger in save"
ui.literal.2f660aace9ddefd7	"unsupported classic blendomatic dimensions"
ui.literal.2f7dee5dab7fae78	"duplicate_object_id"
ui.literal.2f9aaa867f93e7ea	"LOCALHOST MULTI-PEER LOBBY"
ui.literal.2faff87ea3f6e02f	"invalid scenario trigger effect in save"
ui.literal.2fbfc997711567e5	"Siege Workshop:"
ui.literal.2fc09b19bf3ec20a	"OFF"
ui.literal.2fc28a790aa84184	"commercial-unit "
ui.literal.2fc9a57ab28c0bd5	"Could not convert input coordinates: %s"
ui.literal.2fd0bb1cfc13c36d	"editor.tools"
ui.literal.2fe5a402bf4a6bbc	"Patrol between the current position and a destination."
ui.literal.2ff07b589d03ae66	",\"formationAnchor\":{\"x\":"
ui.literal.3016a4db48f6a1c2	"PICK UP RELIC"
ui.literal.30222e9b4ac98810	"truncated 32-bit field"
ui.literal.3025bfed960f91e0	"MapSize"
ui.literal.303844ec25531a30	"show_message"
ui.literal.3049e2f6f7a4e727	"Turtle Ship"
ui.literal.304a984032dbdcaf	"WONDERS BUILT"
ui.literal.304b4dbc6e87170d	"invalid AI acquisition radius input"
ui.literal.304df36f644bff90	"aoe-lockstep-hash-"
ui.literal.304f38944119e310	"connected"
ui.literal.306a5fa99b6f6987	"invalid victory state"
ui.literal.306d84f01b1f618a	" FAILED"
ui.literal.307a0f370dae8851	"ENTER / CLICK: BEGIN MISSION   ESC: BACK"
ui.literal.30824ac93fe488d4	"hud.mode_trade_route"
ui.literal.309b6fa6c6e85621	"Kataparuto"
ui.literal.30b26a4f287b00f9	"missing_composite_part"
ui.literal.30b98ddf79331e01	"PAUSE PROPOSAL REJECTED"
ui.literal.30ce369f8c0ff7be	"AOE_MULTIPLAYER_CHECKPOINT_SAVE"
ui.literal.30e0ffc8cdc7fb3b	"commands.jsonl"
ui.literal.3101cd58074df0b3	"technology_tree.detail"
ui.literal.3101d732f45551e3	"random map has no Regicide Villager start"
ui.literal.3125164b800effe0	"Hoardings"
ui.literal.31320904be68ac2d	"random map generation exhausted retries: "
ui.literal.31344156cecbf97b	"Longbowman"
ui.literal.31589c281dbc6fd8	"Farm1"
ui.literal.31589f281dbc74f1	"Farm2"
ui.literal.315cdbf173397a56	"fog edge geometry index outside 17x47 table"
ui.literal.3161ee0311d87abe	"unsupported action tag"
ui.literal.3199d19b20c31a8f	"disembark"
ui.literal.31a05438b83b4345	"truncated game-start record"
ui.literal.31a24f69172f92be	"mpg123_plain_strerror"
ui.literal.31d2a9c05febe712	"aoe/multiplayer_runtime.hpp"
ui.literal.31d47dcc624d5dc2	"conflicting lobby revision"
ui.literal.31d59513758c9057	"attack_move_group"
ui.literal.31d9a6d867d0a594	" no available research"
ui.literal.320319224e67ee9d	"not a PE image"
ui.literal.320f927d3b8dc13c	"primary repair: repair has no exact GameCommand "
ui.literal.322ed05f7e822697	"SLP header is truncated"
ui.literal.323a56661926d083	"pubkey"
ui.literal.32659f3a3f3092a3	"invalid objective"
ui.literal.329bcb06660368a2	"commercial adapter ABI v1 lacks lobby enumeration"
ui.literal.32a0b6ef7804f327	"Elite Tarkan"
ui.literal.32a162db111fee97	"cannot publish "
ui.literal.32b8205887d688af	"mpg123_delete"
ui.literal.32bc671f8bb7ec0b	"farm-reseed-queues"
ui.literal.32e258e51de8619b	"cannot load original menu SLP: %s"
ui.literal.32e2912977f5f21d	"grass"
ui.literal.32fe0f64180dde54	"repair"
ui.literal.33280267619ec177	"guard_building"
ui.literal.332bed7cf052a2df	"max_length_of_cliff"
ui.literal.332e4ec8fc187105	"number_of_groups"
ui.literal.3330640ac0fbee45	"F7: PAUSE   F8: SPEED"
ui.literal.333b4afa92a995cb	"TINY"
ui.literal.334487f09d753d61	"could not open RMS: "
ui.literal.3346e102ac8a03da	"fixed browser assets: resource sprites"
ui.literal.334df36f9e47ece4	"research "
ui.literal.3354a350a09b8fd6	"All idle villagers selected"
ui.literal.3367fc11c601c25a	"ROSTER MISMATCH"
ui.literal.336d24a613b3303b	",\"food\":"
ui.literal.337b34e3d484f6b3	"aoe/multiplayer_transport.hpp"
ui.literal.33a1c1a0d2b880c4	",\"age_research_ticks_remaining\":"
ui.literal.33ad10a594355ac0	"SPEED PROPOSAL REJECTED"
ui.literal.33b05b084aef4f9b	"patrol"
ui.literal.33b6771ed724c71c	"invalid unit facing in save"
ui.literal.33ced2d5273b3cb8	"invalid complete_objective effect"
ui.literal.33d5f5a43f247775	"campaign-id "
ui.literal.33d6a55246292c14	"aoe/nostr_browser_bridge.hpp"
ui.literal.33eedfdf08fc0700	"invalid lockstep frame length"
ui.literal.34099a7aef17977c	"message player=blue ticks=240 text=\"Welcome. Select a "
ui.literal.340d79b24172946f	"Crop Rotation"
ui.literal.343504ba7a05a61c	"],\"shadow_slp_id\":"
ui.literal.3444cf3c4fe003d2	"fixed browser assets: DAT loaded"
ui.literal.34468d73a67c35de	" >= "
ui.literal.3451147bf152f048	"invalid create_unit effect"
ui.literal.348dc80ab3380b4b	"SLP frame count is invalid"
ui.literal.34913f084464116b	"\"commercial impact asset contract\""
ui.literal.349214befe65e96d	"endif"
ui.literal.34933c21f137c84a	"max_distance_to_players"
ui.literal.34abacf6f51f4717	"MATCHED"
ui.literal.34b8cda5a92695c7	"commercial-task"
ui.literal.34c9d243d71820f1	"g_grs_00_COLOR.png"
ui.literal.34f986c4a6f2d761	"Fatal error: "
ui.literal.35301458147d0b96	"F  FULLSCREEN: "
ui.literal.353cc134b270821d	"RESEARCHED"
ui.literal.3554fee1a425b156	",\"requested_slot\":1,\"compatibility_digest\":"
ui.literal.35b924c5e58cdcfc	"resource kind has no canonical asset mapping"
ui.literal.35d77e16e6b58330	"random-map-fnv1a64:"
ui.literal.35e989ce52dd3625	"DRS header is truncated"
ui.literal.35efd3d341f59429	"AOE_FULLSCREEN_ROUNDTRIP_PROOF"
ui.literal.36078243962a3e3f	"stance "
ui.literal.36162a9baa3e7c2f	"ONLY HOST MAY REQUEST CHECKPOINT"
ui.literal.361decc4eeaebc7c	"spy_technology"
ui.literal.362634964eb40bea	"invalid diplomacy"
ui.literal.36321dc5aed8d892	"ai.debug_target"
ui.literal.363c3e0659c36544	"move: missing entity mapping for "
ui.literal.3655fbe69910b25b	"CONQUEST"
ui.literal.365991cd44a7e7af	"DIPLOMACY ACTION UNAVAILABLE"
ui.literal.3659d659c6f7e64c	"AOE_NOSTR_ONE_RELAY"
ui.literal.3682c67e3134c504	"TOWN BELL ACTIVE"
ui.literal.36919469080ca36e	"garrisoned scenario unit requires friendly building"
ui.literal.36a476bd629542fa	"invalid player start units"
ui.literal.36bc40ebc2424da9	"RIGHT CLICK ENEMY UNIT TO CONVERT"
ui.literal.36c1c83b51f24394	"effect"
ui.literal.36e46fcfd6167a8d	"berserk"
ui.literal.36fa141109dfee90	"invalid session control frame"
ui.literal.37241bb7c12a3f02	",\"lobby_event_id\":"
ui.literal.3724618c34cf95a8	"multiplayer tick cadence must be positive"
ui.literal.372954db03390c6d	"formations"
ui.literal.37307dacc85375f8	"RIGHT CLICK TO SET RALLY POINT"
ui.literal.373820a96aa0175b	"AOE_COMMAND_PANEL"
ui.literal.375d535be3cd566c	"yeomen"
ui.literal.3777ff0edd7514fa	" returning="
ui.literal.377aa919d437db5b	"Persian.mp3"
ui.literal.377aad99c2468456	"dirt2"
ui.literal.377aae99c2468609	"dirt3"
ui.literal.37844b364ef570c0	" is not supported"
ui.literal.378eb2539b76ab1e	"title_salt"
ui.literal.37927a62dcf03c97	"Music unavailable: discovered tracks could not be decoded "
ui.literal.379a1e7f17a39292	",\"units\":"
ui.literal.37a33face79cf68b	"mayan-resource-remainders"
ui.literal.37a9d97997c6e1af	"AOE_MULTIPLAYER_CONNECTED_PATH"
ui.literal.37bfe10d1577d9a6	"optional original sprites unavailable: %s"
ui.literal.37c10c83c423c044	"farm_construction3"
ui.literal.37c10d83c423c1f7	"farm_construction2"
ui.literal.37c10e83c423c3aa	"farm_construction1"
ui.literal.37c5e90a69b93314	"indexed terrain command rows are not contiguous"
ui.literal.37cd03b25d477db1	"technology_tree.available"
ui.literal.37ce33efcc3ddd7d	"status "
ui.literal.37f5e4e269e03570	"invalid trigger object count"
ui.literal.37fc60d5652e3ce0	"reconstruction trigger grammar cannot preserve inversion"
ui.literal.380c2130a31be2b1	"empty campaign string"
ui.literal.380d76266fb7efe9	",\"configDigest\":"
ui.literal.3812e29017c53037	"AI script exceeds 4 MiB"
ui.literal.3830f3a95477a8ba	"move selection-reuse has trailing bytes"
ui.literal.3832dc9e80c28818	"/user/autosave"
ui.literal.383d349b92b69fb5	"caravan"
ui.literal.383de319c4012f21	"N/A"
ui.literal.383df74c0a945e46	"volume attenuation must be between 0 and 99"
ui.literal.3845354d0020e0e9	"Villager, then gather food.\""
ui.literal.38618fd8db012c39	"AOE_EXIT_AFTER_SCREENSHOT"
ui.literal.386dc9b2b4144188	"PREVIOUS"
ui.literal.388bd0600595bd20	"civilization"
ui.literal.389dab19cd8658a8	"DELAY "
ui.literal.38a71844de08e527	"L  LOCALE: "
ui.literal.38ba2381b7420999	"graphics.drs"
ui.literal.38bb0042fdae4dbc	"screen_height="
ui.literal.38c63798b8f4e9e8	"attack-now"
ui.literal.38e17a168908f16f	"invalid compressed-header length"
ui.literal.38e5d911cafa30f0	"render_resource:procedural_body"
ui.literal.38e81f3a6d410e7a	"resource resolver received non-resource category"
ui.literal.39261bfb50233d14	"message player="
ui.literal.3927d4be1ff0c969	"aoe/ordinary_match_setup.hpp"
ui.literal.39307cd9c5b7abde	"WOOD GATHERED"
ui.literal.393fd59821e4fd9b	"aoe-campaign-progress"
ui.literal.398f83d3eb4c17b4	",\"unsupported_commercial_object_ids\":"
ui.literal.3995335c6a0e8677	"SLP RGBA color is truncated"
ui.literal.3998438681ef753f	"Group {group}: {count} units"
ui.literal.39aedbb26462be6b	"forging"
ui.literal.39b6521f0b7b7111	"\"category\":\""
ui.literal.39c21d4a43cd271d	"invalid commercial production order in save"
ui.literal.39d9bfbdbe50ee6d	"unknown language key at line "
ui.literal.39e082d29b2f2e58	"red_ready_id"
ui.literal.39e58634fccbf346	"world.garrison_badge"
ui.literal.3a1c51f36bb81b3f	"BLUE  CIV "
ui.literal.3a21d17d2dcd1736	"scenario entity owner is not occupied"
ui.literal.3a242d2d4f3ba3de	"unsupported create_object type "
ui.literal.3a3d9de3e98aa6b2	"Could not capture frame: %s"
ui.literal.3a3ec12f7d08aaa1	"role\":"
ui.literal.3a4979103f328485	"conflicting logical turn input"
ui.literal.3a52ffa3ddf2be1c	"Mining Camp:"
ui.literal.3a65ae23c164e8f9	"advance_age"
ui.literal.3a684197898aff43	"resource condition requires blue or red player"
ui.literal.3a69762a1f0a47db	"RESUME PROPOSED; WAITING PEER ACK"
ui.literal.3a7b36f2501d964b	"cannot durably flush checkpoint"
ui.literal.3a8f047a48339f38	"Open military building commands."
ui.literal.3a963ec64f30c33c	"oneRelay"
ui.literal.3a9af4dc3e91d71f	"trigger string lacks terminator"
ui.literal.3abc02455d8e6517	"canonical projectile animation selected"
ui.literal.3ac074f33afb5820	".importing"
ui.literal.3ac8bed9f5697a1c	"PENDING"
ui.literal.3ad0ff1e88b56128	"owner stable ID is outside supported roster"
ui.literal.3ad1a4f5a931263a	"cannot write campaign manifest"
ui.literal.3add4f13fe55bd51	"outpost"
ui.literal.3aeeeeafd1c85e23	"{\"ok\":false,\"error\":"
ui.literal.3afee921983b494a	"1 FOOD  2 WOOD  3 GOLD  4 STONE   -/+ AMOUNT"
ui.literal.3b249dac112c83ce	"Play a single-player game."
ui.literal.3b4b73def861f97f	"Trained at "
ui.literal.3b70f971a70d0797	"Blacksmith:"
ui.literal.3b73fc2f8e2fa463	"roster-diplomacy "
ui.literal.3ba23c0cc8113647	"WAITING TO TRADE"
ui.literal.3bb1b5256ad43930	"src/projectile_catalog.cpp:"
ui.literal.3bb79e225a29d4e9	"fixed browser assets: unit animations"
ui.literal.3bbaaa922e8bf075	"FISHING"
ui.literal.3bca40fd52014cb4	"KEYBOARD EDIT APPLIED; UNSAVED"
ui.literal.3bf306d4369388bb	"invalid bridge status: "
ui.literal.3bfa256c60498a32	"AOE_OBSERVER_PANEL"
ui.literal.3c0d17bad169557b	"none"
ui.literal.3c0d8f324408b5bc	"right_border"
ui.literal.3c0fc3c9dc57516a	"CAMPAIGN STARTED"
ui.literal.3c164340cd1164fc	"unterminated AI string"
ui.literal.3c246f697540e743	"cannot load optional interface SLP %d: %s"
ui.literal.3c2564e39a3cab52	"Audio music "
ui.literal.3c2918c42b027eed	"Terrain/Textures/g_fm1_00_COLOR.png + "
ui.literal.3c2bea70891dcb76	",\"workTargetId\":"
ui.literal.3c4d1ebf0282db4b	"enemy"
ui.literal.3c65cbd4abf75cd8	"elite turtle ship"
ui.literal.3c79f1652274ec6e	"\"simulation_tick\":"
ui.literal.3c7dd5eacf29a10d	"trade_cog_gate"
ui.literal.3cb9468a84694775	"PLAYER CIVILIZATION CHANGED"
ui.literal.3cce49c7faf67fea	"Conscription"
ui.literal.3cd2cc6902d8052d	"aoe-language"
ui.literal.3cebac7c2e45e47b	",\"translated_tiles\":"
ui.literal.3cf41bb86c684f3a	"PAUSE PROPOSED; WAITING PEER ACK"
ui.literal.3cf7692350c65e58	"background.png"
ui.literal.3d08ced0f1a8db26	"unsupported top-level form"
ui.literal.3d125cf851c30167	"WAITING FOR HOST START"
ui.literal.3d21601cdce3d01c	"could not write scenario: "
ui.literal.3d30c5f9c59cb16e	"\",\"result\":"
ui.literal.3d5217f68f5cdf6e	"invalid quoted message text"
ui.literal.3d72f933241bea64	"RIGHT CLICK WOUNDED FRIENDLY UNIT"
ui.literal.3d78eccc88beb84a	"Atheism"
ui.literal.3d7d0dc2a1a73bad	"\",\"facing\":"
ui.literal.3d856cb723953f20	"assign_to_player"
ui.literal.3d8d630f285ac17f	"rubble"
ui.literal.3da75f19363e4e35	"koh"
ui.literal.3db08833e442d58a	",\"redMissing\":"
ui.literal.3db20000c2d97034	"impact commercial projectile identity out of range"
ui.literal.3dbe67fe8b188a69	"cannot load proved projectile SLP %d: %s"
ui.literal.3dbe7f0305744a8c	"invalid rubble effect owner in save"
ui.literal.3dec45e37313dc52	",\"sourceRectangle\":{\"x\":"
ui.literal.3df420b72664246c	"cycle in mapped legacy graphic composition"
ui.literal.3dfb41c9710bf217	"STANCE: "
ui.literal.3dfd3ac210c1cf89	"War Galley"
ui.literal.3e1390d204d38afa	"old_water"
ui.literal.3e2924e57e758d7e	",\"blueReadyObserved\":"
ui.literal.3e33ffcca4f3092f	"Data/interfac.drs"
ui.literal.3e5e8d8e52514658	",\"physical_frame_count\":"
ui.literal.3e71861e3cb20179	",\"bluePublicKey\":"
ui.literal.3e75db2bd67785d2	",\"y\":"
ui.literal.3eab54a1ac2261fa	"AOE_TECH_TREE"
ui.literal.3eb9deb6f3333042	"unsupported create_object attribute "
ui.literal.3ee2a2533438a3c7	"gold_mine"
ui.literal.3eeb77f0dcd8e673	"invalid campaign id"
ui.literal.3ef8c42d5865c471	"aoe-reconstruction-settings "
ui.literal.3ef900e71f4cf5d2	"set_scale_by_size"
ui.literal.3efddb9b25842cb8	"selected impact asset did not render: "
ui.literal.3effc240a281cb27	"  CIV "
ui.literal.3f0e39b485721b99	"xmusic1.mp3"
ui.literal.3f110c8d108f7bef	"truncated string block"
ui.literal.3f249865fc9c001b	"town-center-dark-annexes-blue.png"
ui.literal.3f2699214905b9e7	"stand_ground"
ui.literal.3f335c3ef7f0c383	",\"family\":"
ui.literal.3f63b56db2890a16	"stable"
ui.literal.3f8b069c872d66ae	"terrain"
ui.literal.3f940223c88ac32b	"invalid lobby author"
ui.literal.3fb34e0e57176ae2	",\"workTarget\":{\"x\":"
ui.literal.3fb364bc7d65d1fb	",\"mirroringMode\":"
ui.literal.3fb9a61f37f972b0	"mahouts"
ui.literal.3fc532041e1dc532	"Elite Eagle Warrior"
ui.literal.3fc7cb0c2be2f25a	"; canonical damage overlay selected"
ui.literal.3fcfed2c3820c36e	"host_pubkey"
ui.literal.3fdde500437e9b3c	"duplicate scenario trigger"
ui.literal.3ff2079f60287ba7	"cannot capture SDL lobby: "
ui.literal.3ff54934e8f43c0c	"ECONOMIC"
ui.literal.400f4b6f3131655d	",\"blueAckEventId\":"
ui.literal.4019936ce5564be1	"},\"halfWidth\":"
ui.literal.401ab8cd06158638	"angle"
ui.literal.401e9b70650e6bf7	"zealotry"
ui.literal.4024cfabb3e9b0ee	"locale identifier is too long"
ui.literal.40265954f24e03e2	"GUARDING"
ui.literal.40312588bed04be8	".area"
ui.literal.4033be4f6aff1fc0	"trigger references missing objective"
ui.literal.4033c6182440e04c	"Local multi-peer lobby"
ui.literal.403a46ca897c30be	"fish trap"
ui.literal.404b7115a62ee7d3	"zh-cn"
ui.literal.4058a89e199492d6	"aoe/application_loop.hpp"
ui.literal.406f4f93e71f4eeb	"palette color table is truncated"
ui.literal.4077f8cc7eaf4d6f	"host"
ui.literal.408975f4e23ba9ba	"Snow Foundati"
ui.literal.4090a86d34463fa5	"resource depletion frame is outside mapping"
ui.literal.409d11e5c7c32d22	"[FAILED]"
ui.literal.40a84eb25bd9a8da	"projectile binding has no exact linked shadow"
ui.literal.40ef79f438db4819	"Countdwn.mp3"
ui.literal.410f2a59fcb1f839	"careening"
ui.literal.411879b624072ef3	"invalid building memory in save"
ui.literal.4128b4adadcf8f9a	"Snow Road 2"
ui.literal.4144971a58c03e24	"Original MSN Gaming Zone matchmaking is retired."
ui.literal.41474c0c65a00c14	"unsupported fact: "
ui.literal.416ad6206e033a84	"Jungle"
ui.literal.416c83f717eae8d2	"invalid scenario trigger vector bounds in save"
ui.literal.41788ca8625400bf	"palm_forest"
ui.literal.4181bc7ab5b7e174	"vikings"
ui.literal.4196c2fe8270747a	"aoe/hud_layout_contract.hpp"
ui.literal.419efc19c98544a0	"Ice"
ui.literal.41a28a207f934a98	"aoe/cursor_contract.hpp"
ui.literal.41b0837d10e87cb5	"Deliver a carried relic to a friendly monastery."
ui.literal.41c9e3243ec3a969	"heavy scorpion"
ui.literal.41def2de29651139	"join"
ui.literal.41e14216734da365	"FLANK"
ui.literal.41e15ff116551754	"1.20"
ui.literal.41e160f116551907	"1.21"
ui.literal.41e84bf1165b1406	"1.00"
ui.literal.41e84ef1165b191f	"1.07"
ui.literal.41e854f1165b2351	"1.09"
ui.literal.41e9bb1883ed4806	"land_percent"
ui.literal.41ebccf1165e2510	"1.15"
ui.literal.41ebcdf1165e26c3	"1.14"
ui.literal.41ebcff1165e2a29	"1.16"
ui.literal.41ebd0f1165e2bdc	"1.11"
ui.literal.41ebd1f1165e2d8f	"1.10"
ui.literal.41ebd2f1165e2f42	"1.13"
ui.literal.41ebd3f1165e30f5	"1.12"
ui.literal.41ebd8f1165e3974	"1.19"
ui.literal.41ebd9f1165e3b27	"1.18"
ui.literal.41f1d4a8ee5cc95b	"plate_mail_armor"
ui.literal.422d568d59e40872	"gatel.wav"
ui.literal.4234048f44c4ca72	"PORT "
ui.literal.423eb96706de24f6	",\"stateHash\":\""
ui.literal.424192f8c8378e1e	"condition type or selectors lack a lossless native mapping"
ui.literal.4241f350d6cd8716	"invalid diplomacy relation"
ui.literal.4247712bc6d5b4a0	"interface palette absent"
ui.literal.424776b8c673bbbc	"relay_enabled"
ui.literal.4252c1f1466778a0	"capped ram"
ui.literal.4265c96dbea5346c	"missing or oversized recorded header"
ui.literal.4272a332be1ea209	"cannot load optional legacy composite %d: %s"
ui.literal.42734c9e2ff09e02	"invalid campaign progress header"
ui.literal.427ca6e23ac6d9cf	"layer; reviewed procedural body retained"
ui.literal.428972709f0698fc	"Heavy Demolition Ship"
ui.literal.42da8097469da419	"G{count}"
ui.literal.42de27efe1b3c105	"SLP long color list is truncated"
ui.literal.42e407e93f547285	"invalid PE signature"
ui.literal.43044b50e3249495	"ERASE"
ui.literal.4312c900190b0e95	"preview "
ui.literal.432d2c1fe84fa183	"unsupported campaign version '"
ui.literal.433d0fa8b3958a33	",\"marker_draw_order\":"
ui.literal.434a431dbcc5ea80	"area_presence"
ui.literal.43604f628b1a6efc	" at line "
ui.literal.436fb92f626a6569	"train: missing building or commercial-unit mapping"
ui.literal.4381c0362adc586b	"invalid scenario trigger semantics in save"
ui.literal.4388d1fe792ab532	"elite berserk"
ui.literal.43b0e59986dcec99	"elevation filter has trailing bytes"
ui.literal.43b4e8e47a135fdf	"SIGNAL RATE LIMITED"
ui.literal.43bc098f42eab1e7	"AOE_MINIMAP_MODE_PROOF"
ui.literal.43bf9a09d2f73f85	"society"
ui.literal.43e27e11ab199c57	"rally"
ui.literal.43f5822217871e07	"invalid commercial multiplayer adapter ABI"
ui.literal.4404715edc8e0d6f	"campaign.briefing"
ui.literal.440f8c28a6971476	"completed "
ui.literal.441b53f860bee939	",\"buildings\":["
ui.literal.44264c7750921294	"tf7.wav"
ui.literal.443893d790af2bd8	"edge_scroll"
ui.literal.44529d9f87635291	"/user"
ui.literal.44673bd9fe1aa506	"Water 2"
ui.literal.44673cd9fe1aa6b9	"Water 3"
ui.literal.44730729df9b914a	"RIGHT CLICK VALID SHORE TILE"
ui.literal.4476be607a766b11	"Start a standard single-player random-map game."
ui.literal.447fa564787a13c5	"Plate Mail Armor"
ui.literal.448504f33a0c18b3	"Wind2.wav"
ui.literal.448e9ff1f7cb32e6	"canonical unit animation mapping selected"
ui.literal.44b4e86573abb236	"ADVANCE TO "
ui.literal.44d276474873c520	"Random Map"
ui.literal.44d38ea82f6b2b12	",\"repairTargetId\":"
ui.literal.44d55ea0d46d4ceb	",\"expectedDirectionCount\":"
ui.literal.44d5a154bb136880	": malformed data"
ui.literal.44dac4d6e361c8c8	"RIGHT CLICK FRIENDLY MONASTERY"
ui.literal.44f065a70968e543	"could not write multiplayer state proof"
ui.literal.44f565ad76b6f91f	"stop "
ui.literal.44f79ee5da6135d2	"Sanctity"
ui.literal.4518d8881b68dca2	"select_building"
ui.literal.453254ad76ea8a5a	"stone"
ui.literal.4532c03be3156f9a	"horse_collar"
ui.literal.45534153136abfac	"control byte in JSON string"
ui.literal.45551d4d6a6119f8	"MSN Gaming Zone service is no longer available."
ui.literal.455bea789a1ef472	"invalid classic diplomacy stance"
ui.literal.4560c7a62400d33e	"blendomatic_x1.dat"
ui.literal.4561c06b9a141e2c	"elevation "
ui.literal.4569773a39e67239	",\"kind\":"
ui.literal.4570b2df37fd43ed	"invalid message duration"
ui.literal.457ab7203f169d65	"Two-Man Saw"
ui.literal.459e26b38493c266	"Heavy Camel"
ui.literal.45a3e44a9a6d186e	"invalid civilization record"
ui.literal.45c267695b0817bb	"TRIBUTE RECEIVED"
ui.literal.461a2bdf901f140f	"Music unavailable: discovered MP3 tracks but this build has "
ui.literal.4623b05264770e4d	"aoe-multiplayer-checkpoint 3 "
ui.literal.462dc6cc35c7a0bd	"event_id"
ui.literal.46308cfd089ec674	"set_tight_grouping"
ui.literal.46351d9f7bdccf6b	"aoe/selection_visual_contract.hpp"
ui.literal.463b8c4e92751ba5	"Options"
ui.literal.464a060967f3b9b6	"MILITARY"
ui.literal.464e50933d72403f	"trigger_syntax"
ui.literal.465e56679147273d	" references absent SLP "
ui.literal.46665ab25e526bd6	",\"expectedRequiredFrameCount\":0"
ui.literal.4667f977fd40f879	"desync"
ui.literal.4678f11f49b8aaeb	"invalid elevation filter row width"
ui.literal.467bdd45773c2eba	"elite_skirmisher"
ui.literal.467f35a74c6e4a70	"difficulty"
ui.literal.468d5f00da8396f3	"trade-route "
ui.literal.46a71808a5d6d5a8	"endif without if"
ui.literal.46b6d993b4684ea5	"invalid primary-action constants or length"
ui.literal.46cac5a278d54f19	"max_number_of_cliffs"
ui.literal.46d1adfd9182f50b	"player-slot"
ui.literal.46d5a95466ecd3f7	" [ALLIES]: "
ui.literal.46d7a0f4fb50b3c9	"Use Multiplayer for supported direct host/join play."
ui.literal.46d8d2f8ce46fd78	"invalid initialized identity"
ui.literal.46e52580cda745d4	"townbell.wav"
ui.literal.46f268fb216c3d18	" terrain tiles use IDs without a proved reconstruction mapping; "
ui.literal.46f969ace1992434	"message player=blue ticks=240 text=\"Good. Build Houses and "
ui.literal.470714f6eb5d0973	"top_border"
ui.literal.4719ad20641571b9	",\"logicalHeight\":"
ui.literal.472cfe2bdb6b2c51	",\"x\":"
ui.literal.472f9cdac23247de	"invalid attack release delay in save"
ui.literal.476039596d1a1bbe	" frame load/decode failed: "
ui.literal.4781a0203cbc5d64	"A ALLY   N NEUTRAL   E ENEMY"
ui.literal.478699ccec81d69a	"Delete selected villagers."
ui.literal.478857d7a6137fb6	",\"movementAlpha\":"
ui.literal.478b3bf14ad3c951	"Spies"
ui.literal.47a57297bb783f5f	"left_border"
ui.literal.47b17ab83efcbf8c	"GATHER_COMMAND tick="
ui.literal.47b53cb79e622233	"CORRUPT REPLAY: "
ui.literal.47c9690cf4a1a602	"using original %s: %zu modes"
ui.literal.47dc2c558fdce08c	",\"destinationY\":"
ui.literal.47df71a444e20378	"neutral"
ui.literal.47e15fe5ded7f521	"short JSON unicode escape"
ui.literal.47e335700c46e3e8	".group"
ui.literal.47efc0e768a8d0ef	"invalid commercial multiplayer record"
ui.literal.47f0574edfcf5eb8	"tf3.wav"
ui.literal.480c9549df9ec1c8	"advance_until_idle requires building id and 0..10000 ticks"
ui.literal.4812d52353a51486	",\"sequence\":"
ui.literal.4825d8430badd97a	"invalid disabled commercial tech"
ui.literal.482d57fdebe94c6a	"diplomacy neutral"
ui.literal.484085aa4fb950db	"PATROL"
ui.literal.48461bde7b89936d	"archaeology-replay.txt"
ui.literal.4851b6b05de48b1f	",\"stage\":\"acknowledge\",\"proposal_id\":"
ui.literal.48584db046c07846	",\"source\":\"legacy\",\"fallbackReason\":null"
ui.literal.4867f499409b4be4	"unresolved load: "
ui.literal.48a23ffe851ca6f0	"hud.active_mode"
ui.literal.48b3373296234f00	"fixed browser assets: building composites"
ui.literal.48b5d6aa8b9fdcf3	" 0 allies blue 0 0"
ui.literal.48c51d6947ffc0dd	"{\"id\":"
ui.literal.48d42b44b92f70c9	"BLUE VILLAGER"
ui.literal.48e23a468159a918	"create_connect_teams_lands"
ui.literal.48e34536122ec4a9	"ungarrison "
ui.literal.48fb1e6fea75b521	",\"outcome\":"
ui.literal.4916822d53f603bf	"allies:"
ui.literal.4936be339d4b841f	" attack_move "
ui.literal.493aec8eb0f75422	"viewport dimensions must be nonnegative"
ui.literal.493fab870b2923bb	"MISSION "
ui.literal.494db6b953463aed	"unhandled building render state"
ui.literal.498865c7bd1f3959	"unknown"
ui.literal.498a91cb2a45781a	"Single Player"
ui.literal.499d789e143017df	"scroll speed must be between 25 and 400"
ui.literal.499f6abe72a3cb57	" tick 3 hash "
ui.literal.499fd43bd6cc495e	"elite_turtle_ship"
ui.literal.49a36534c60a84f5	"SESSION: "
ui.literal.49adb40edcd4dac7	"168x168: broad two-player Arabia battlefield."
ui.literal.49c3daa7c502684d	"pause"
ui.literal.49c5a76ac0e5d20a	"Normal map: terrain, resources, units, buildings; Statistics shows score."
ui.literal.4a049fa21a2fe062	",\"match_reference\":"
ui.literal.4a22f8860e1f83b0	"human-player"
ui.literal.4a25a8ea10009e9f	"Halberdier"
ui.literal.4a2ea9c5fa1c1282	"MESSAGE SENT"
ui.literal.4a58f4234bd37320	"metadata decoded; commercial ID translation is not imported"
ui.literal.4a60ec6debc6a973	"unit-death-"
ui.literal.4a6be0917a81a4f8	"plumed_archer"
ui.literal.4a8401776484024e	"start ready rejected"
ui.literal.4a9db13dcde4a655	"canonical special unit action mapping selected"
ui.literal.4aa4c361712f8f9d	"create_cliffs"
ui.literal.4aaaecce11c07ec0	"Convert a target enemy unit."
ui.literal.4aba4d6a27059890	"set_flat_terrain_only"
ui.literal.4ac1004e09cf1e53	"ARROWS CHANGE  APPLY  OK  CANCEL"
ui.literal.4ad0073632a0750f	"won2.mp3"
ui.literal.4af10db1b58a9b01	"Enter a compatible friendly building."
ui.literal.4b00dc8acddaacdc	"pal_2.pal"
ui.literal.4b26b1bce6fc1b62	"elite woad raider"
ui.literal.4b3030eebdb14bc5	"replay command rejected; simulation diverged"
ui.literal.4b452d9114a3b97d	"Murder Holes"
ui.literal.4b4a551dbc798668	"cannot decode packaged HD terrain texture %s: %s"
ui.literal.4b4b963e8d095372	",\"redReadyEventId\":"
ui.literal.4b555870fba3dbd7	"blacksmith"
ui.literal.4b67b014335f38d7	"quiet"
ui.literal.4b777bac85b0fb82	"object-HP condition references an object without a unique "
ui.literal.4b77f84e9ad20e65	"unit "
ui.literal.4b77fb4e9ad2137e	"unit-"
ui.literal.4b804fec3c685c99	"truncated eight-byte envelope"
ui.literal.4b816d28258b11df	"neutral has no economy"
ui.literal.4b8a4b9b6194fe22	"food_sell"
ui.literal.4b925bd8ff1eef1b	"HEAL"
ui.literal.4b99f0804ae659dd	",\"population_capacity\":"
ui.literal.4b9aaf8c51eb03e0	"campaign progress identity mismatch"
ui.literal.4b9b843d86538f8c	"invalid trigger"
ui.literal.4bac0151caa8e555	" food "
ui.literal.4bb72cba0556e56c	"RESEARCH"
ui.literal.4bc61c2b5dcb8ad0	"protocol 3 slot "
ui.literal.4bd0d8c6bd7df3ca	"ai.stance_advance"
ui.literal.4c1c4a84758b4ce6	"number_of_tiles"
ui.literal.4c24bcf78f145a43	"Normal (200)"
ui.literal.4c2a42e9c39afa49	"invalid RT_STRING directory"
ui.literal.4c2ddb86fa1d349f	"fish_trap"
ui.literal.4c456dd271925a7d	"noncanonical extra fields"
ui.literal.4c4ad67c1f98b44d	"town_watch"
ui.literal.4c4f11f5bb6b74d7	"Squires"
ui.literal.4c7d42a936f86f6d	"ADVANCING AGE"
ui.literal.4c9868339319871c	"elevation filter row is truncated"
ui.literal.4c99e855ac20c94f	"missing action mapping: "
ui.literal.4cb3dbb44fc2feb6	"gathering"
ui.literal.4cb68686f7a88f5c	"hit_points"
ui.literal.4ccd6835c8111ed3	"imported-campaigns"
ui.literal.4cd6574b4dda12c9	"AOE_MULTIPLAYER_SCRIPT_CONTROL"
ui.literal.4cd7b3c863325c3b	"unknown replay record: "
ui.literal.4cd90c7a620465eb	"AOE_MULTIPLAYER_PORT must be between 1 and 65535"
ui.literal.4ced54b43926c887	"required PE resource ID absent"
ui.literal.4cf0411fbfe60bf4	"red "
ui.literal.4d001073f9c75ea5	"cavalry"
ui.literal.4d0afd4928726334	"sheep"
ui.literal.4d154b43d15e53a7	"MOVING"
ui.literal.4d1d875b525592c6	"invalid TCP frame prefix"
ui.literal.4d2a0770eeb03f43	"invalid UTF-16 surrogate pair"
ui.literal.4d3a211dc70bb91a	"invalid building kind"
ui.literal.4d3a29a84f4587e5	"snow_road"
ui.literal.4d3e3b7b4e55c31b	"house"
ui.literal.4d4411bfcb3adba0	"batch requires semicolon-separated commands"
ui.literal.4d56743906a0b2f4	"C  MOUSE SPEED: "
ui.literal.4d5af0728bf90eec	"invalid area-presence condition"
ui.literal.4d725d6fd79728d6	"#include_drs"
ui.literal.4d8c308c7f3667dd	"aoe/classic_save_import.hpp"
ui.literal.4dadbe3f7564f59c	"invalid objective trigger effect"
ui.literal.4dae3ad3a364180a	"elite_throwing_axeman"
ui.literal.4db7d55a0f1361fb	"  HASH "
ui.literal.4dd3cc7ce74c8ed8	",\"previousPosition\":{\"x\":"
ui.literal.4de7059a0e837fc8	"V{count}"
ui.literal.4dfe4295833a0d75	"],\"overlay_graphic_ids\":["
ui.literal.4e21eb3e3dd1fe7e	"murder_holes"
ui.literal.4e24485b26091b77	"no visible active match"
ui.literal.4e2818942933a756	",\"fallbackReason\":\"no legacy sprite draw recorded\""
ui.literal.4e2e1a5e7240b920	"UI icon binding lacks exact SLP/frame evidence"
ui.literal.4e34157e40bbfe4b	"AOE-ARCHAEOLOGY-REPLAY "
ui.literal.4e35a7a68874d978	"},\"shadowDrawOrder\":"
ui.literal.4e6b425f974cdc39	"DIPLOMACY COMMAND QUEUED"
ui.literal.4e786e460d3b9714	"rocketry"
ui.literal.4e89fc2ba07a2e4f	"Horse Collar"
ui.literal.4e8b3ea91df3ccb1	"cannot open loose SLP"
ui.literal.4e9eb2a7923fa513	".gax"
ui.literal.4e9ec5a7923fc55c	".gam"
ui.literal.4e9ef9a792401db8	".ga1"
ui.literal.4eb038c450d67ba7	"statistics-sample"
ui.literal.4ec6edec247f4608	"SdlApp is not initialized"
ui.literal.4efef0b48a45a67c	"Loom"
ui.literal.4f1e0f6539c2e767	"invalid scenario trigger state"
ui.literal.4f1e6f220a5af625	"diplomacy ally"
ui.literal.4f318bd57db34da3	"browser.title"
ui.literal.4f3ab60f8782e690	"aoe/statistics_view.hpp"
ui.literal.4f40ba2b2b5d796e	"restriction count"
ui.literal.4f41d6ffd9cec5c3	"Research at "
ui.literal.4f4fdcbee1a794ce	"multi-peer frame source does not match bound slot"
ui.literal.4f59cdc29147c15c	"invalid unit kind"
ui.literal.4f6a36d8e8907985	"stream"
ui.literal.4f7c8516c28efdce	"invalid area_presence condition"
ui.literal.4f970eb634c08746	"arrow"
ui.literal.4fa386e8f8b94407	"bombard tower"
ui.literal.4fb75d9fac01f019	"Ring Archer Armor"
ui.literal.4fcdeca8d9ac8f4a	"gather"
ui.literal.4fd953965d8aa93f	"fortified gate (NE-SW)"
ui.literal.4fde98afabc1147f	"RMS include not found at "
ui.literal.4fe29fd151039709	"cannot read loose SLP"
ui.literal.5015afff5e566ae7	"READY TO LOAD"
ui.literal.5062cd8f7a7fd349	"signal"
ui.literal.50635bae8a4aea78	"exact signed event unavailable for republication"
ui.literal.5067dfdb65d89b41	"Woad Raider"
ui.literal.5079fcb21c234ab7	"protocol-3 roster flow timed out"
ui.literal.508096bc49bae29b	"APPLY"
ui.literal.5096652a19ef1eaf	"siege_onager"
ui.literal.50a2889191a322b9	"campaign.campaign"
ui.literal.50ad42156dff0e9c	"mouse_speed"
ui.literal.50b65f19d16f1a15	"KOH"
ui.literal.50c9bab9de8c26b2	"cannot enable linear terrain sampling: "
ui.literal.50dc3d5319c636d3	"aoe/elevation_render.hpp"
ui.literal.50e7844bb875feea	"loop-ended-without-reason"
ui.literal.50f3088161364a6c	"relay_status_error"
ui.literal.51084bb41d27b868	"queue "
ui.literal.513488f99996a5d4	"invalid active Town Bell record"
ui.literal.51372f8ca2e7a703	"SIGNAL REJECTED: UNEXPLORED TILE"
ui.literal.514c4536c8cf898b	"invalid DAT "
ui.literal.5151cf5595728993	",\"destinationX\":"
ui.literal.515c89f84449dacc	"commercial-tech-cost "
ui.literal.5182f4b6c6f09b72	"Fish Trap DAT damage roots 5357..5359 contain no drawable "
ui.literal.5183d57e1de62520	"fractional_position"
ui.literal.5192de06ca991c02	",\"resourceTargetAmount\":"
ui.literal.519bf61d36f3a1fe	",\"technologyResearchTicksRemaining\":"
ui.literal.51a41d9b7b1ecf6b	"AOE_SCREENSHOT_TICK"
ui.literal.51a449f767922eeb	",\"hitPoints\":"
ui.literal.51a9bdb4154c2035	"AOE_AUDIO_PROOF_RUNTIME_EVENTS"
ui.literal.51c6ef5ebe0bf32b	"Choose Map Size"
ui.literal.51fa4b1dfa72f930	"tile elevation must be between 0 and 7"
ui.literal.520ebce173d927b5	",\"idle_units\":"
ui.literal.5220ebd7e72a04f1	"number_of_clumps"
ui.literal.5222416cf0bd9b03	"invalid elevation lighting data"
ui.literal.52299679fd0ae3c5	" requires unit ids"
ui.literal.52391bd163490413	"research trigger requires blue or red player"
ui.literal.523b680835c18e35	"invalid terminal trigger effect"
ui.literal.523eedb0d7208715	"resign does not match proved seven-byte schema"
ui.literal.5242bc2d377be69b	"invalid production order in save"
ui.literal.5244d350693c631e	"AOE_LANGUAGE_FILE"
ui.literal.5246b404d04209c8	"player-state "
ui.literal.525093e210bf6663	"no fixed simulation step is due"
ui.literal.5274f998dd618f95	"bring-object-to-area requires identity-aware area presence; "
ui.literal.52765d3f16bc1ce1	"AOE-ARCHAEOLOGY-SAVE "
ui.literal.5276dd9b1ed67f66	"cannot read legacy DAT file"
ui.literal.52847d0b72e880ce	"unknown commercial task type"
ui.literal.52893bd33339d3bc	"sounds.drs"
ui.literal.5294a6b51d39fd07	"LINE"
ui.literal.52acf8b89d1bb3c5	"DEFEAT: RETRY CURRENT MISSION"
ui.literal.52b0f2770a33f5a1	"elite cataphract"
ui.literal.52ba836b67fc602b	"negative scenario trigger condition amount"
ui.literal.52daf561f914fcc3	"AOE_AUDIO_TRACE"
ui.literal.52e7cb0bf6636b74	"invalid routed multi-peer frame"
ui.literal.52f4c171ce31e779	" guard_unit "
ui.literal.52ffff41bb07f02f	"canonical dedicated unit death animation selected"
ui.literal.530bde8575dd81bb	"chat payload on non-chat frame"
ui.literal.530cb236dcfffcf3	"CHECKPOINT FAILED: STATE HASH MISMATCH"
ui.literal.532acb4e6f0ca4b3	"name_salt"
ui.literal.532bdf43ee757bee	"VERSION 1 LOADED; SAVE MIGRATES TO VERSION 2"
ui.literal.532f4c2bce7b7f7d	" RELAYS; QUORUM "
ui.literal.534fdb3db03de428	"expiration"
ui.literal.5361a2c9344d9efb	"Mill:"
ui.literal.537c9235db728aea	"g_wtr_00_COLOR.png"
ui.literal.53a96bb95ac6d128	"requested_slot"
ui.literal.53adf4c1830ca676	"actual.bmp"
ui.literal.53cf4acad97f256f	"invalid create_object arity"
ui.literal.54025eca52414906	"unknown civilization "
ui.literal.54059b39992fa0da	"group_variance"
ui.literal.54156d2be4f2518c	"incomplete campaign progress"
ui.literal.5416e1beda5a360d	"renderable"
ui.literal.541d4548e322efa6	"developing"
ui.literal.543a1325144fb60b	"],\"content\":"
ui.literal.5454497a2d152be3	"shallow"
ui.literal.546401b5d2a8d2a4	"message"
ui.literal.5472640e3eac5c20	"primary action: missing explicit target context for "
ui.literal.5489b2e65f8f56ca	"Wind1.wav"
ui.literal.548a608c55027d05	"script is inspection-only"
ui.literal.54921b7617527034	"projectile kind has no canonical asset binding"
ui.literal.549ca68d587cecb6	",\"actionFrame\":"
ui.literal.549d2e0a493b08f5	"learn"
ui.literal.54cb3aded715c1b9	"connect"
ui.literal.54d2ef833a775aa1	"Elite Cataphract"
ui.literal.54e442066396f1e7	"Imported classic campaign "
ui.literal.54ea761a12d33cc7	"invalid commercial tech cost"
ui.literal.54f519ed43aa5a44	"ESC: MAIN MENU"
ui.literal.54f90c4aba1327a5	"pack-trebuchet "
ui.literal.551b4af5952f78e8	" waypoint "
ui.literal.552a0ce50b169f6e	"formation-move "
ui.literal.554c2c067e94bbad	"Follow and protect a friendly unit or building."
ui.literal.556d3460b45307a4	"cataphract"
ui.literal.557b643fece01b21	"banking"
ui.literal.55847d04912d52c8	"invalid #const"
ui.literal.558dd5a2b290646a	"market_sell"
ui.literal.558e92d23a204857	"aoe/frame_timing.hpp"
ui.literal.55a0e9954cf847aa	"truncated recorded-game integer"
ui.literal.55be6e3fd65864be	"save-barrier"
ui.literal.55dc063da486499e	"hud.mode_attack_ground"
ui.literal.55df9748fef82b89	"condition lacks the pinned 18-property schema"
ui.literal.55e65d59c83680ea	"atheism"
ui.literal.55ec8ec1b154d89c	"Tracking"
ui.literal.55f6f3e98cbfdd39	"JOIN"
ui.literal.560f35bfce376ce3	"mpg123_getformat"
ui.literal.560f38221f497708	"control_group.recalled"
ui.literal.562f597ae307b5c7	"attack-move "
ui.literal.563b2aba5af7c730	"representation"
ui.literal.56559562370314bc	"OPEN FAILED: "
ui.literal.565771c1ff488c87	"statistics.back"
ui.literal.566b2825f55b4087	"\"architecture_family\":"
ui.literal.56939a99cbb6da78	"scenario contains unavailable unit"
ui.literal.56992c01792628b7	"invalid Aztec relic gold remainder"
ui.literal.56ba8db537ca8445	"fortified wall"
ui.literal.56bcd494b6b26a77	"primary attack: targeted attack has no exact "
ui.literal.56d4ae7a471e6e49	"scale_mail_armor"
ui.literal.56e5298765e4e610	"Learn to Play"
ui.literal.570411a086526886	"compact"
ui.literal.570f0c104ec32421	" VERIFIED: "
ui.literal.5710f1c4b48040bf	"{resource} {amount}"
ui.literal.57167010a7d99ff6	",\"target_tick\":"
ui.literal.5743ec02c3de67cf	"collect-relic"
ui.literal.5758dfd3fbd3ba57	"ECONOMY"
ui.literal.575c8b184ccab734	"cliff_generation"
ui.literal.576fc98d637d010f	"FINAL SCORE     "
ui.literal.5779f58c3a696d40	"garrison"
ui.literal.579842c3c5dd74e2	"invalid gate state in save"
ui.literal.57a3b82debf0a3a9	"man_at_arms"
ui.literal.57bc514639b1ce3c	"STONE GATHERED"
ui.literal.57ed3173354f4bfd	"Attack in range without moving."
ui.literal.57f13099bd581c5c	"tile outside map"
ui.literal.57f21c462fee6c7a	"town-bell-unit"
ui.literal.57f427041c42d622	"selected building asset did not render: "
ui.literal.57fad8e87b10db87	"AOE_HUD_OUTPUT_SCALE"
ui.literal.580e84c244f8dc1a	"hud.status"
ui.literal.5813870c921bdde6	"illumination"
ui.literal.581c274e01fd5d10	"{\"currentTick\":"
ui.literal.5832bc551099bfd7	"scenario guard requires friendly building"
ui.literal.58445d413e17c7cf	"AOE_MULTIPLAYER_READY_PATH"
ui.literal.5845262f357f883d	"invalid roster slot"
ui.literal.585d7cd75cf6f848	"keep"
ui.literal.5872b118ec96d932	"snow"
ui.literal.5884bccecfa3887e	"set_loose_grouping"
ui.literal.588d774dae1b0263	"lost.mp3"
ui.literal.5895068a0f301a96	"GATHERING"
ui.literal.589a7504c6df35de	",\"translated_objects\":"
ui.literal.589d27535cfc9759	"distinct peer IDs"
ui.literal.58a4b62f84dc31c4	"commercial lobby capacity must be 1..8"
ui.literal.58adde0fd9b72a4f	"save-hash"
ui.literal.58b06413f2fbc80a	"TRADING"
ui.literal.58c754018ec47b5f	"History"
ui.literal.58c82972daf55bc5	"gather-unit "
ui.literal.58c84c27a311d877	"Faith"
ui.literal.58d28e909b6342c7	"commercial-queue "
ui.literal.58d3d780f88cea44	"HARDEST"
ui.literal.58f0a572e9a12077	"RETURNING RESOURCE"
ui.literal.58f7f31db1bd342b	"elite_janissary"
ui.literal.5902030c93c7d4a4	"jungle"
ui.literal.59143c16c719ee84	".save"
ui.literal.5926cb82738c446b	"disconnect"
ui.literal.593d2fef977a849e	"statistics.unavailable"
ui.literal.593ebf9febe2be7d	"easiest"
ui.literal.5949e9073c061376	"Stop all current orders."
ui.literal.59650d2f7d261a93	"invalid JSON number"
ui.literal.597461965bae60ac	"construction"
ui.literal.59970773c1e822f0	"campaign has no validated source image"
ui.literal.5999f755591a2a83	"malformed campaign progress"
ui.literal.59aff9dccb813bfd	"commercial-random-state"
ui.literal.59bf16c3b383d13a	"TRIBUTE COMMAND QUEUED"
ui.literal.59c35758422d5167	"RIGHT CLICK FRIENDLY GARRISON BUILDING"
ui.literal.59d37d6096b0ad1f	"RIGHT CLICK DAMAGED FRIENDLY BUILDING"
ui.literal.59dcfc0a8f9faa7b	"sender stream already conflicted"
ui.literal.59e466f097741466	"invalid control commit"
ui.literal.59f730017230c81e	"E  EFFECTS VOLUME: "
ui.literal.59f91236c05543d3	"invalid diplomacy effect"
ui.literal.5a04f0eb1e2a90f0	"SCENARIO EDITOR"
ui.literal.5a07460cfddc9960	"Dock:"
ui.literal.5a1a1abe3dd7f8ec	"truncated recorded-game envelope"
ui.literal.5a24a62f60444dc4	"cannot sync campaign progress"
ui.literal.5a2f9d3d1ed05126	"Medium (168)"
ui.literal.5a44c649e6953a4a	"  T {x},{y}"
ui.literal.5a69e8926baac285	"  CURSOR: "
ui.literal.5a9825b356062658	"pine_forest_floor"
ui.literal.5a9ee5c9340cedfe	"drill"
ui.literal.5aa0e41127e025d4	"AOE-ARCHAEOLOGY-SCENARIO"
ui.literal.5aaa6a10ab8d6248	"],\"selected_building\":"
ui.literal.5ab695fab558350f	"scenario version"
ui.literal.5ac2c6471058b501	"red_contiguous"
ui.literal.5ac57d656a173592	"using packaged HD terrain textures from %s"
ui.literal.5aeb9bdb12c83217	"foundation uses canonical construction selection: "
ui.literal.5af0774e03ea9715	"aoe/frontend_game_modes.hpp"
ui.literal.5afb12a9dacff2d0	"Applesauce browser runtime unavailable"
ui.literal.5afff4e257d428b3	"xopen.mp3"
ui.literal.5b0002dcfb15cd76	"Ice 2"
ui.literal.5b0b3b1614fb6ed8	"GATE LOCKED"
ui.literal.5b0c246161400bbd	"Transport: units right-click ship to embark; right-click shore to disembark"
ui.literal.5b1af4ff68029508	",\"lobbyRevision\":"
ui.literal.5b2e6670b28d3b2c	"carrying_relic"
ui.literal.5b3164bcbe7000c8	"convert "
ui.literal.5b3f57a395fa83f1	"Train villager."
ui.literal.5b4a392809059da8	"mock commercial network is null"
ui.literal.5b5c98ef514dbfa5	"true"
ui.literal.5b61af0ef166c997	"diplomacy.ally"
ui.literal.5b66fb48cad7b3d8	"control_group.cleared"
ui.literal.5b8c45c178d0895a	"fixed browser grass texture failed to load"
ui.literal.5b8f665387abf15f	"indexed terrain command stream is empty"
ui.literal.5b9489eae71db802	"market-prices "
ui.literal.5b9bc4ba528108e4	"null"
ui.literal.5bb13fd7b01b7c0a	"match-statistics "
ui.literal.5bb6b4445bb6c3ea	"unsupported palette format"
ui.literal.5bcbe882c106c65b	"transient-effect-sequence "
ui.literal.5bd691edb7c21103	"cannot initialize raw DAT decompressor"
ui.literal.5bd8a51879afd8f7	"heavy_plow"
ui.literal.5be39b5c0f237710	"checkpoint-config"
ui.literal.5bf0a579ab752358	"\",\"animationState\":"
ui.literal.5c0935aa0b780bd2	"Open available technologies."
ui.literal.5c1c2663231fbcb4	"Snow Grass"
ui.literal.5c28cb4e86311d26	"control_group.units_other"
ui.literal.5c560d34633d74bb	"Audio disabled: cannot initialize playback device: "
ui.literal.5c66d53f7c72aa21	"Terrain/Textures/g_fm2_00_COLOR.png"
ui.literal.5c693a8ba90502ed	"Berserk"
ui.literal.5c7dd1d35cfd8a93	"ordinary match needs two players"
ui.literal.5c8dd099d1a5e877	"No idle villagers"
ui.literal.5c93fe51432ddacb	"elite_war_elephant"
ui.literal.5ca5b973a6b4de6b	"unsupported DRS version"
ui.literal.5caac5e7b620982a	" absent from graphics.drs"
ui.literal.5cb69d0b8cfe1b22	"trailing language data at line "
ui.literal.5cccddcf0f747d84	"Pine Forest"
ui.literal.5cd15819e278608a	"DELETE"
ui.literal.5cfb19cfce5f69b1	"Outpost"
ui.literal.5d0f9fa9cbd60e51	"cannot finish runtime render fallback report: "
ui.literal.5d139de09a7d05c7	"view_icm.dat"
ui.literal.5d24bbe5ab8df306	"zero elevation filter weight"
ui.literal.5d3819044de87ef9	"bow_saw"
ui.literal.5d44397b1a18be79	"invalid JSON escape"
ui.literal.5d5cf852ca080f78	"invalid trigger-variable ID"
ui.literal.5d6e3ebc1b4201f5	"invalid trigger-state effect"
ui.literal.5d744caffc3b2eff	"statistics.timeline"
ui.literal.5d7af1ecf66839df	"guard tower"
ui.literal.5d87624095cfa64b	"   FILE: "
ui.literal.5dc0ff5765a37515	"Caravan"
ui.literal.5dc62b597548a3c7	"direct-RGBA SLP cannot be used as indexed terrain"
ui.literal.5dd3c7d1785bbc0a	"LANGUAGE FAILED: "
ui.literal.5dd91cb7cd8d04b8	"siege_workshop"
ui.literal.5dd99e6cba2923bb	"EASY"
ui.literal.5deb6748ac3d5220	"PRESS NEW HOTKEY"
ui.literal.5e417c6628d1d8d9	"Alt+F/W/S"
ui.literal.5e4767ba6e6eaeeb	",\"carriedResource\":\""
ui.literal.5e5636fd08941605	"berserkergang"
ui.literal.5e5716a536406c8b	"CASTLE AGE TICK"
ui.literal.5e5d313a103b4877	",\"frames_per_direction\":"
ui.literal.5e62910beed70112	"invalid attack-move destination"
ui.literal.5e87b7d5ccecc618	"short JSON escape"
ui.literal.5e8b88948010d331	"paused "
ui.literal.5e8fc467580a736e	"aoe/asset_root.hpp"
ui.literal.5ea14cbbea2dce0a	"invalid AOE_MULTIPLAYER_PORT"
ui.literal.5eacfce903c82574	"volley"
ui.literal.5eade519487cb019	"wav"
ui.literal.5eb524330bfefe45	"invalid tribute length"
ui.literal.5eb7b0055b5ad0c7	"AOE_CAMPAIGN"
ui.literal.5ed2654372221cee	"town-bell-unit "
ui.literal.5ef7f411b9480099	"FOOD GATHERED"
ui.literal.5efa2263528d8025	"src/render_asset_coverage.cpp:building catalogs"
ui.literal.5f0da1d954a14ebe	"barracks"
ui.literal.5f12ba67b8d7d3b1	"tf4.wav"
ui.literal.5f18d49af7944c32	",\"frame_p95_ms\":"
ui.literal.5f1906110e714089	"Leaves"
ui.literal.5f27e96c5794a0ac	"control_group.centered"
ui.literal.5f281dda8e537566	"Logistica"
ui.literal.5f371bdb6f83a497	"OBSERVER"
ui.literal.5f38f529b15dc37f	"Oak Forest"
ui.literal.5f78da8d80723630	"AI quoted escapes are unsupported"
ui.literal.5f7bdc2d2a6fbba8	",\"zoom\":"
ui.literal.5f85e79dbbdc7160	"Forest"
ui.literal.5fa39d159753309e	"../generated/animation_binding_catalog.inc"
ui.literal.5fa616953120e423	"invalid replay command source"
ui.literal.5fc06cd7046bda37	"HUD presentation requested=%dx%d output=%dx%d logical=%dx%d "
ui.literal.5fdff34aa6823d89	"diplomacy effect has an unmapped relation"
ui.literal.5fe85dad920f5f2a	"commercial-building "
ui.literal.5ff0c0dba0ad6a7a	"language_file"
ui.literal.5ff1f5ed285473e1	"   CIV "
ui.literal.5ffad0ba5567d2fd	"HEALING"
ui.literal.5ffd1a0f85133e77	"list_buildings"
ui.literal.600e1b142a5dcbad	"Open walls, gates, and towers."
ui.literal.60147fb4fa4a8e0c	"running"
ui.literal.601a1f8e8d8278e0	"aoe/sdl_app.hpp"
ui.literal.6026ee7bda8ec512	"SLP outline table is truncated"
ui.literal.6033d44d4e2abae9	"Heavy Scorpion"
ui.literal.6035a306a0e66aa4	"CONTROL: "
ui.literal.6062ca12a2020750	"gold_mining"
ui.literal.60646a9a9af905b0	"shallows"
ui.literal.607fcbcc0f4127ce	"invalid create_building effect"
ui.literal.60827e549de65488	"timeout"
ui.literal.6089ac1827cd4c03	"2.0"
ui.literal.608ecf4ad0f5337e	"oversized embedded player files"
ui.literal.609a165c9a429cd0	",\"elapsed_ticks\":"
ui.literal.60a0330aaf498c45	"Repair a damaged friendly building."
ui.literal.60a04c4278df9879	"min_terrain_distance"
ui.literal.60b7d152a6570c36	"\"ok\":false"
ui.literal.60ba087f4580238c	"ai.debug_position"
ui.literal.60c6ded1cb9cae23	"ARABIA"
ui.literal.60e985bda917d105	"remove_object"
ui.literal.60ed2274e2242bbf	"invalid building owner in save"
ui.literal.60ee0401a50fffe4	"procedural rubble retained"
ui.literal.60f0e7a42ce3f15f	"missing checkpoint config"
ui.literal.60f1b365c1a274dd	"VALIDATION FAILED: "
ui.literal.60fd65fb353962a3	"native_entity_id_overflow"
ui.literal.61053f0e3ebbd272	"normal"
ui.literal.611430d1957eda2c	",\"expectedAssetStatus\":\"unsupported\""
ui.literal.612577555e54a976	"BACK TO MENU"
ui.literal.61312f09e1c11173	"AOE_WINDOW_SIZE"
ui.literal.6146b6a8e32c6765	"BLACK FOREST"
ui.literal.6149fe2ae034b1a4	"aoe/simulation.hpp"
ui.literal.614c43960bfc65f9	",\"tickCadenceMs\":"
ui.literal.61577ed38dfed282	"Combat map: military units and buildings; Statistics shows combat totals."
ui.literal.615e3972ed81b8fb	"AOE_OVERLAP_CAPTURE_TICK"
ui.literal.6163224755ab4b76	"invalid save barrier"
ui.literal.6167c1dc29c6fb38	",\"blueControllerState\":"
ui.literal.619351f0af5f8828	"cannot open recorded game"
ui.literal.619b1b55c6ab3468	"peer disconnected"
ui.literal.619d44141b9a1f6e	"cannot load proved impact SLP %d: %s"
ui.literal.61b3e4b3ca5f6778	"random-number"
ui.literal.61bf0d6961df4410	"content_catalog.inc"
ui.literal.61c84a3d96c0f7e9	"tick duration must be positive"
ui.literal.61deda5da0a8392a	"SlotsFilled"
ui.literal.61f42eac4c9eff49	"scenario-objective"
ui.literal.61f72d366e4332f5	"Shift+Alt+3"
ui.literal.61f738366e4345a6	"Shift+Alt+F"
ui.literal.61f739366e434759	"Shift+Alt+G"
ui.literal.61f73f366e43518b	"Shift+Alt+M"
ui.literal.61f741366e4354f1	"Shift+Alt+O"
ui.literal.61f749366e436289	"Shift+Alt+W"
ui.literal.61f754366e43753a	"Shift+Alt+Z"
ui.literal.61f9c973985c358e	"Desired {counter}  Stance {stance}  H {home_x},{home_y}  R {rally_x},{rally_y}{target}"
ui.literal.626194c2c7019ff8	"unit cannot be selected"
ui.literal.626ceda78962de44	"Formation "
ui.literal.6271deb0a32a0af6	"timeline"
ui.literal.628867d25a7ffdbb	"AOE_STATISTICS_PANEL"
ui.literal.6290126b379f9dee	"invalid transport garrison in save"
ui.literal.62ac6ede889135c1	"was returned"
ui.literal.62af3af20f730f6f	"building hit points outside valid range"
ui.literal.62afd9d39ed3eda4	"AOE_SCREENSHOT_QUEUE_UNIT"
ui.literal.62c9699c0c87678f	"technology"
ui.literal.62e016fdb075f708	",\"age_research_target\":\""
ui.literal.62eca995566bda7b	"AOE_SAVE_BROWSER"
ui.literal.630ab4637b2f4fa3	" rally "
ui.literal.630d7715ee4b39af	"complete_objective 3"
ui.literal.630d7915ee4b3d15	"complete_objective 1"
ui.literal.6314c1c01a50b614	"COLLECTING RELIC"
ui.literal.6359b5ab70ef476d	"SAVED; STORAGE SYNCHRONIZING"
ui.literal.636d06176600c588	"\"render_state\":{"
ui.literal.6374edb9c203b720	"moderate"
ui.literal.6394ca0d28e22714	"invalid external language DLL size"
ui.literal.639af85e7030b994	"stone_mine"
ui.literal.63a623294a152e5d	"technology "
ui.literal.63be95c8db33303f	"first_tick"
ui.literal.63beeaaa41f783e3	"topology construction architecture family is invalid"
ui.literal.63c169c1a7f9eed2	"truncated commercial multiplayer record"
ui.literal.63c472f4bd4c15c1	"stale ready event"
ui.literal.63c5c69adba54211	"town-bell"
ui.literal.63c66ea0b3577032	"AOE_MENU_ACTIVATION_PROOF"
ui.literal.63d4c62ef6ef4d56	"set_zone_by_team"
ui.literal.63dca648f5b99821	",\"expectedDirectionCount\":0"
ui.literal.63df5dca6efcce76	"neutral cannot source commands"
ui.literal.6434f374282d8512	"AOE_MULTIPLAYER_SCRIPT_CHECKPOINT"
ui.literal.6441802ff55592ad	"cannot open campaign manifest"
ui.literal.644766f79bbfacf6	"mapped legacy graphic has no drawable data"
ui.literal.644e08bfbd08fb14	" moving="
ui.literal.6450ed5db7b730ae	"terminal trigger requires blue or red player"
ui.literal.64583c68ece14401	",\"frames\":"
ui.literal.645a440c93b73728	"cavalry archer"
ui.literal.645fd78a14664ae9	"CHANGES CANCELLED"
ui.literal.646d4b8ed92e92e9	"RETURNING FISH"
ui.literal.64869e18019302cb	"Forging"
ui.literal.648f414cd1ac68bd	",\"observed_relay_count\":"
ui.literal.649384acf7e616ba	"CONTENT MISMATCH"
ui.literal.6498dfe4855bb3a7	"unit"
ui.literal.64c0f405136edb5b	"victory blue"
ui.literal.64e830e1f5406514	"cadence "
ui.literal.64e8e92c5562308d	"V VICTORY: "
ui.literal.64eda1185891f750	"unsupported"
ui.literal.64ee54a1d90800dd	"neutral has no player state"
ui.literal.64eeb35cd5cf1409	"canonical topology-sensitive construction root selected"
ui.literal.64f0f0d143ae37ce	"decoded from commit-pinned validated schema"
ui.literal.64fbc02231c9f7a4	"Stable:"
ui.literal.6501743440b7528d	"hud.wood"
ui.literal.651e98142f548c8f	"tick cadence"
ui.literal.6533dde941c5f3ed	"camel rider"
ui.literal.653e70db0ae7fb10	"Mahouts"
ui.literal.65443be9b5a32bea	"{\"intent_id\":"
ui.literal.654682f2b20ecb54	"town-bell-building"
ui.literal.658fb5a0442cffd7	",\"selected_units\":["
ui.literal.65957d134b536f10	"scenario-index:"
ui.literal.65977be2345186ad	"Light Cavalry"
ui.literal.65a380f862e9ee7c	"Cricket.wav"
ui.literal.65a8043e6bbcfc45	",\"unmapped_commercial_object_ids\":"
ui.literal.65a8b14923390f90	"sound item count"
ui.literal.65ac81541f8a97b0	"invalid train constants or length"
ui.literal.65c47ccd8933d38c	"  TEAM "
ui.literal.65dc0e127646c6da	"invalid_object_id"
ui.literal.65e8d7f3474f2639	"reason"
ui.literal.65eca222f8595651	",\"scenario\":\""
ui.literal.66091033ccf92aa7	"xcredits.mp3"
ui.literal.660b29dadb6126c5	"closed TCP frame stream"
ui.literal.662243c585378083	"SLOT "
ui.literal.6626fa2a37395922	"blendomatic.dat"
ui.literal.662821e874fcbef5	"terrain_rect"
ui.literal.662e2a468f1f968b	"conversion state requires dedicated mapping"
ui.literal.6635ab2d1df10869	"UNAVAILABLE"
ui.literal.6637c01e552f6666	"trade cog"
ui.literal.666756680c869302	"truncated decompressed scenario section"
ui.literal.666a265fc0853c01	"Unknown Technology"
ui.literal.666d485421d8a88c	"AOE_SELECTION_PROOF"
ui.literal.6670292ee8f9332e	"cannot open campaign file"
ui.literal.6682df10fca2e09d	"CONFIRMED TICK: "
ui.literal.6685f58e8d3dc659	"invalid lockstep frame source"
ui.literal.66d6e5d56617b14a	"multiplayer checkpoint state mismatch"
ui.literal.66dc1257c89a7be3	"-statistics"
ui.literal.66fbbe24dd08cf02	"selected locale has no packaged language archives"
ui.literal.670fe9ba8e691010	"research effect has unmapped player/technology or "
ui.literal.671851de6079d617	"Elite Cannon Galleon"
ui.literal.671ad8548de83e7c	"invalid attack reveal entity in save"
ui.literal.67229dab7688c88a	"STAND GROUND"
ui.literal.6741587f86c785f4	"Rocketry"
ui.literal.674a4cf5bcc285bb	",\"blocker\":"
ui.literal.675f62b6c2325e4d	"unknown stance "
ui.literal.6762ed0d11393e7e	"aoe-lockstep-command"
ui.literal.677414ab68e44982	"controllers "
ui.literal.677670a0460e8437	"commercial-research"
ui.literal.6780add8a5df6d10	"heavy_scorpion"
ui.literal.67afe90e4ef7c9ab	"Petard"
ui.literal.67bd6dae35ad121f	"map dimensions must be positive"
ui.literal.67d06cdf0001f70d	"unterminated AI list"
ui.literal.67d2c1b9b51a7a3b	"AOE_MULTIPLAYER_PORT"
ui.literal.681c19d2f564598b	"GATHER_STOP tick="
ui.literal.681cb15e4a577428	"beach"
ui.literal.68255b3eb69910df	"production order has invalid producer in save: "
ui.literal.68631281316394da	"invalid elseif"
ui.literal.68684766b12579ad	"invalid scenario objective in save"
ui.literal.68688db4537ecafc	"unproved by the pinned classic physical schema"
ui.literal.688e07ab08f0e111	"FOCUS: "
ui.literal.6896da2175a84d5e	"reactive-sound-sequence "
ui.literal.68a8c356ecb37542	"TRIBUTE DISABLED: TARGET IS NOT ALLY"
ui.literal.68b16333785181ff	"dying effect uses canonical destruction selection: "
ui.literal.68d7a07ace080839	".envelope"
ui.literal.68da7629c401d25b	"invalid trigger count"
ui.literal.68e06ad6185e9810	"invalid campaign description"
ui.literal.68eca3d355d2acfd	"place_on_specific_land_id"
ui.literal.68f9d93cb9eb486b	"Multiplayer"
ui.literal.68fad67ca7393b38	" replay "
ui.literal.690e9b00c2f17b2a	"OBJECTIVE REJECTED"
ui.literal.6928105c2bb7c4c0	"AOE_OPTIONS_PANEL"
ui.literal.6943d8a98c085e14	"neutral has no age"
ui.literal.694be329d8a351ca	"Chemistry required"
ui.literal.69504a56f3cd8255	"SCORE"
ui.literal.69532dc2312ae270	"truncated blendomatic.dat"
ui.literal.6955263c1b225b76	"Bow Saw"
ui.literal.6955e1ee7b2c61c2	"gigantic_map"
ui.literal.69684f615df9e1fd	"aoe/browser_telemetry.hpp"
ui.literal.6968d9af11c726f1	"longboat"
ui.literal.6974bcdb5a89f6d1	"invalid drop acknowledgement"
ui.literal.69a07ff40bf388d5	"Battle with Joan of Arc, Genghis Khan, King Saladin, or "
ui.literal.69a08b05ea5de844	",\"objects_using_default_hit_points\":"
ui.literal.69b868bf6d9cfbf5	"AOE_SCREENSHOT_PATH"
ui.literal.69c3e3a930e0c06e	"V VALIDATE  CTRL+O LOAD  CTRL+S SAVE  CTRL+Z/Y UNDO/REDO  ESC CLOSE"
ui.literal.69c4579069fbff40	"invalid campaign completion prefix"
ui.literal.69d2c8b6d843c464	"SLP long command exceeds row"
ui.literal.69d3e994b87ecb3b	"SdlApp stopped during initialization"
ui.literal.69dcac996c5e0ebc	"AOE_MAP_DIMENSION_PATH"
ui.literal.69dfa7acd1bffa74	"could not open save file"
ui.literal.69f7c9801812487b	"file:"
ui.literal.69fcac92729e56a3	"invalid scenario-player table count"
ui.literal.6a04a0bc8dad1f32	"bloodlines"
ui.literal.6a0bc35a68e6e70f	"BUILD PLACEMENT CANCELLED"
ui.literal.6a153db67f07dd44	"elite_plumed_archer"
ui.literal.6a467722a676c210	"Death Match"
ui.literal.6a5cef2b169470df	",\"blueReadyEventId\":"
ui.literal.6a63c902245f5e0e	"Terrain"
ui.literal.6a771318f6fe2cb8	"slow"
ui.literal.6a77f4a97977df70	"create_unit "
ui.literal.6a93fcac2ff26c7d	"unsupported language file header"
ui.literal.6a9b299f114c263f	",\"stage\":\"proposal\",\"proposal_id\":"
ui.literal.6aa1f67db8705c72	"220x220: large original map preset."
ui.literal.6ac814e79b5f8990	"benchmark-complete"
ui.literal.6ad190105a279cee	"INVALID TERRAIN OR RESOURCE"
ui.literal.6adf587c518ffa81	"cancel-production"
ui.literal.6ae62fa5c8f39de1	"hud.garrison"
ui.literal.6af5581cd6a39590	",\"returning_resource\":"
ui.literal.6b186aa19bd97ec5	"multipurpose action is not diplomacy"
ui.literal.6b28f4d597ba39d6	"SLP player color list is truncated"
ui.literal.6b3187312b04c3de	"unknown age "
ui.literal.6b586862501e7b4e	"base_terrain"
ui.literal.6b76cf842584ec32	",\"layers\":["
ui.literal.6ba8ff7d3fd352f2	"AOE_TOWER_DAMAGE_AUDIT_SAMPLE_MS"
ui.literal.6bac7548789c31d9	"text="
ui.literal.6bb6d1d305cbf6f8	"scenariobkg.bmp"
ui.literal.6bcb42916bb77e27	"elevation corner outside 0..7"
ui.literal.6bd5ccd92ac15a4f	" rejected unit "
ui.literal.6bda680a168b6ece	"remove-object effect references an object without a unique "
ui.literal.6bf0b8316040f0e4	"elevation filter is truncated"
ui.literal.6c0558803b3dca03	"double_bit_axe"
ui.literal.6c13af99ca88554b	"cyclic RMS include at "
ui.literal.6c36596daa43a569	"peer-drop"
ui.literal.6c4d6e90b25d56fc	"MSN Gaming Zone"
ui.literal.6c5c0e5cd16a8d2e	"AOE_SCREENSHOT_SELECT_ALL_UNITS"
ui.literal.6c776e59f300746e	"gate-lock "
ui.literal.6c7b0296a0be6572	"war elephant"
ui.literal.6c8c21c5c58c3c79	"invalid add_resource effect"
ui.literal.6c8f5f24f313dffe	"Fish Trap"
ui.literal.6c91efb807877bad	"invalid animal food state in save"
ui.literal.6ca9eb25a41ecb8a	"invalid campaign unlock"
ui.literal.6ca9eb52a6381496	"technology_tree.missing_evidence"
ui.literal.6cad1ef648c8c09f	"unsupported campaign header"
ui.literal.6cb04fcfbe96f5e1	"trade-route"
ui.literal.6cb4a1ccf43ad61b	"Bombard Cannon"
ui.literal.6cbbe549cf821b04	"elevation"
ui.literal.6cc13b741204a2ea	"DISCONNECTED"
ui.literal.6ccf63d5145477eb	"Blue victory"
ui.literal.6ceed576d6ea80c4	"grass1"
ui.literal.6ceed776d6ea842a	"grass3"
ui.literal.6ceed876d6ea85dd	"grass2"
ui.literal.6cf2140303596f04	"CHECKPOINT TRANSFER: MATCHED"
ui.literal.6d26828d41278edb	"selection.idle_military"
ui.literal.6d34221e5f4868c6	"snow_dirt"
ui.literal.6d3a8081dbbd7542	"Elite Woad Raider"
ui.literal.6d3b396fe117e1e6	"GROUP 1 ASSIGNED; DOUBLE-TAP 1 CENTERS"
ui.literal.6d7a8464ab0c132f	"victory "
ui.literal.6d7f8140ddc735ce	"SAVED: "
ui.literal.6d8d281deab61986	"\"direction\":"
ui.literal.6d997721a15db085	"LOCALHOST TCP"
ui.literal.6da7c73364d73b27	"Goth.mp3"
ui.literal.6dca4c809e6808c1	"using packaged frontend background from %s"
ui.literal.6ded4ad6412f5a06	",\"signalCount\":"
ui.literal.6dfad154fafdc122	"mpg123_new"
ui.literal.6e135040e88d88a4	"Shift+"
ui.literal.6e1c96f3cd7c564b	"using original terrain.drs SLP 15014 shallows frames: %zu"
ui.literal.6e2040bdefc27ae9	"invalid team"
ui.literal.6e2dc769d5d70bec	"truncated PE"
ui.literal.6e340ee1a14b6304	"RETURN RELIC"
ui.literal.6e63f5d912e3995c	"HARD"
ui.literal.6e7747bce5f790be	"invalid Town Bell unit record"
ui.literal.6e7c8aab48e7979a	"unit resolver received non-unit category"
ui.literal.6e9ba171fbbb6a74	".unit_type"
ui.literal.6eed0eff6ff139a5	"sender_slot"
ui.literal.6eee165297365cfc	"lobby_event_id"
ui.literal.6f0bb3fbd950d712	"Saracen.mp3"
ui.literal.6f2c37e91310e74a	"RED VICTORY"
ui.literal.6f311f61d9dec938	"invalid elapsed_ticks condition"
ui.literal.6f3eb52bacbddbba	"OBJECTIVE ADDED"
ui.literal.6f56face3ae5fcbc	"MSN GAMING ZONE"
ui.literal.6f58d69887126e2d	"create_connect_all_lands"
ui.literal.6f5a31e034a23b2c	"aoe_commercial_multiplayer_adapter_v1"
ui.literal.6f8dd42abffddd09	"Padded Archer Armor"
ui.literal.6f9db3b819040236	"incomplete campaign manifest"
ui.literal.6fb3ae68126ce1b1	"Workers W/F/G/S {wood}/{food}/{gold}/{stone}  Army M/R/C/S/N {melee}/{ranged}/{cavalry}/{siege}/{naval}"
ui.literal.6fc4a6b9c9357948	"source "
ui.literal.6fdfc79f7e6566cf	"unterminated block comment"
ui.literal.6fe96909367446c6	"STORAGE SYNC FAILED"
ui.literal.6fe98533b749c9cd	"previous_event_id"
ui.literal.6ff0e80c570daca1	"defend"
ui.literal.7001d60c571c013e	"defeat"
ui.literal.700de2feaf453f0b	"backgrd1.pal"
ui.literal.701ca4091a6e8ead	",\"paused\":"
ui.literal.70350c6b8d617b8f	"Coinage"
ui.literal.704be0d8faaffc58	"string"
ui.literal.7055edd8fab866f4	"strict"
ui.literal.7059df2baffbfc38	"objective"
ui.literal.7069b62cdb29396f	"technology_tree.imperial_age"
ui.literal.707e16f6368787a8	"wood"
ui.literal.70880af6368fc7c9	"wolf"
ui.literal.70a039a057fb90b7	"unsupported directive "
ui.literal.70b2fbba7d5744d9	"Heavy Cavalry Archer"
ui.literal.70bdd1882e40e60d	"aoe/world_tile_picker.hpp"
ui.literal.70ca57bcaa388ba1	"move requires unit id, x, and y"
ui.literal.70d9540e5a256318	"aztec-relic-gold-remainders "
ui.literal.70dd750aab194f95	"missionary"
ui.literal.70eaabcb49eddeb8	"invalid player exploration in save"
ui.literal.70f95c6ee9b90443	"unknown unit "
ui.literal.711283801fe4403a	"AOE_MULTIPLAYER_SCREENSHOT_PATH"
ui.literal.712dba1c273b16b1	"intent_id"
ui.literal.712f13c8ed623f8d	"invalid locale identifier"
ui.literal.713eafe37152f0df	"invalid VER 5.7 terrain section"
ui.literal.715a759a0b2fc2f6	"Random.mp3"
ui.literal.71662c5e6c6b54d9	"trade_cog"
ui.literal.717b4e7461904993	",\"expires_at\":"
ui.literal.7193043357305f82	"Blendomatic.dat"
ui.literal.71982df9fe7edd4a	"implausible active player count"
ui.literal.719934c1aba7f6f8	"farm1"
ui.literal.719937c1aba7fc11	"farm2"
ui.literal.719c1a91c69e334d	"battering ram"
ui.literal.71abfb49d5be7a14	"CAMPAIGN MISSION DEBRIEF"
ui.literal.71ad8770d63fdd71	"Artillery"
ui.literal.71d5f54b65d801d1	"GameCommand representation"
ui.literal.71e878d56b5c9bc7	"batch contains no commands"
ui.literal.71f798bc28e56f5c	"unterminated create_object block"
ui.literal.726221a472ffffba	"invalid campaign"
ui.literal.7263e4a138ccba8e	"cannot open scenario file"
ui.literal.729220e8471fa631	"Fullscreen startup failed; using windowed mode: %s"
ui.literal.72a46f74b0e84e7f	"original fog normalization must have 47 classes"
ui.literal.72f2a02e2a5a4ee3	"Media"
ui.literal.732ccecbd6785846	"Alt+W"
ui.literal.732ccfcbd67859f9	"Alt+V"
ui.literal.732cd1cbd6785d5f	"Alt+P"
ui.literal.732cd2cbd6785f12	"Alt+S"
ui.literal.732cd9cbd6786af7	"Alt+X"
ui.literal.732cdbcbd6786e5d	"Alt+Z"
ui.literal.732cdccbd6787010	"Alt+E"
ui.literal.732cdecbd6787376	"Alt+G"
ui.literal.732cdfcbd6787529	"Alt+F"
ui.literal.732ce2cbd6787a42	"Alt+C"
ui.literal.732ce3cbd6787bf5	"Alt+B"
ui.literal.732ce4cbd6787da8	"Alt+M"
ui.literal.732ce6cbd678810e	"Alt+O"
ui.literal.732ce9cbd6788627	"Alt+H"
ui.literal.732ceccbd6788b40	"Alt+5"
ui.literal.732cedcbd6788cf3	"Alt+4"
ui.literal.732ceecbd6788ea6	"Alt+7"
ui.literal.732cefcbd6789059	"Alt+6"
ui.literal.732cf0cbd678920c	"Alt+1"
ui.literal.732cf1cbd67893bf	"Alt+0"
ui.literal.732cf2cbd6789572	"Alt+3"
ui.literal.732cf3cbd6789725	"Alt+2"
ui.literal.732cf9cbd678a157	"Alt+8"
ui.literal.7333dfd1cf3ba95f	"CHECKPOINT"
ui.literal.7347746fd2f7cbc3	"invalid farm reseed queue"
ui.literal.7352f2422ab47bf7	"render_projectile:procedural_body"
ui.literal.7378af05bc84de35	"rally "
ui.literal.738b57d61bddfd34	",\"production_queue_size\":"
ui.literal.7397031ef8f4a869	"\"graphic_id\":"
ui.literal.73988ebafbd00dae	"RMS exceeds token limit"
ui.literal.73aa51760a8403f2	"camel_rider"
ui.literal.73aafe8421ea3531	"PEER TRAFFIC AGE: "
ui.literal.73afc2cc71a05331	"RALLY POINT SET"
ui.literal.73bfe8ae0f9a1ae9	"SCENARIO MISMATCH"
ui.literal.73d0c4b55d5f4b63	"abcdefghijklmnopqrstuvwxyzABCDEFGHIJKLMNOPQRSTUVWXYZ0123456789_"
ui.literal.73e93afd16f80d58	"Elite Janissary"
ui.literal.73eee5e59a6bfdef	"AOE_SCREENSHOT_SELECT_TILE"
ui.literal.7424ab58f7d9c696	"Dirt 2"
ui.literal.7424ac58f7d9c849	"Dirt 3"
ui.literal.7425092607c0def2	"invalid commercial queue record"
ui.literal.742639c758de5219	"Unload all passengers at a valid shore tile."
ui.literal.742c12ec64becf3b	"multiplayer-checkpoint.save"
ui.literal.74574da510e5cc0b	"deposit-relic"
ui.literal.745d7a54ea1e3000	"frontend-exit"
ui.literal.747397eafd995004	",\"blue_missing\":"
ui.literal.7475488591cfee42	"frontend.main.single_player"
ui.literal.74ad50823cf0a9e2	"tiny_map"
ui.literal.74b49add6dfcff8e	"GENERATION FAILED: "
ui.literal.74b755a402707dd4	"represented by GameCommand"
ui.literal.74bacb58bdcb31a5	"Advance civilization to "
ui.literal.74ce504e125f3562	"invalid scenario message player in save"
ui.literal.74d29522190fae33	"frontend-escape"
ui.literal.74d804b8c3464ae8	"MODE: "
ui.literal.74fe58bd8bd10b91	"SLP command stream is truncated"
ui.literal.750f447787de0e96	"long_swordsman"
ui.literal.7511ff6d131dc0d7	"RELIC COUNTDOWN"
ui.literal.751852d0ce76de2a	",\"tick_zero\":0}"
ui.literal.7522860bef14a5e9	"AOE_NATIVE_MENU_PRESSED"
ui.literal.75320166bbc14600	"GARRISON"
ui.literal.753307b281278ded	"aoe/minimap_contract.hpp"
ui.literal.753d0b43e2e6b9eb	"indexed terrain has empty color list"
ui.literal.754792a1efd3a848	"minimap mode proof: %s statistics=%d"
ui.literal.755ce4bad70de3a9	"aoe/audio_system.hpp"
ui.literal.75689b4f8f103711	"artillery"
ui.literal.7569bf2f35d9f898	"DRS file entry points outside archive"
ui.literal.7570f21f69f65caa	"hud.mode_patrol"
ui.literal.75712acaeb2fc1a0	"duplicate mock commercial identity"
ui.literal.758970a6d3df8791	"MARKET BUY/SELL  F {food_buy}/{food_sell}  W {wood_buy}/{wood_sell}  S {stone_buy}/{stone_sell}"
ui.literal.7590c64cc26dc46a	"WONDER"
ui.literal.75987d5905742972	"Software Archaeology"
ui.literal.759a1fa1a084b052	"classic save exceeds file byte limit"
ui.literal.75aae16404460f18	"PEER LAG: WAITING FOR TURN"
ui.literal.75cbdbe7aca0597a	"MISSING EVIDENCE: ORIGINAL NODE ICONS, FRAMING, AND FONT METRICS"
ui.literal.75fe2a8465b02e53	"outcome"
ui.literal.75fecbd781221f78	",\"chatCount\":"
ui.literal.7610645829371355	"Long Swordsman"
ui.literal.7611960f94a52f81	" stance "
ui.literal.762cf4dca43e5f25	"AOE_OVERLAP_CAPTURE_DIR"
ui.literal.7633e0fea496677e	",\"simulationPosition\":{\"x\":"
ui.literal.763e2ec46a8cca52	"RED   CIV "
ui.literal.764e06930d8ec3e6	"militia"
ui.literal.7651807619bd0ff9	"lobby compatibility mismatch"
ui.literal.76580b6fa34832df	"unsupported shipped locale"
ui.literal.76604f46c9eb0dcb	"attack-ground"
ui.literal.76808f45f440746f	",\"eoseRelayCount\":"
ui.literal.768b76e67d3fb91c	"canonical monk healing fallback"
ui.literal.76cc3694f63e9a98	"fullscreen"
ui.literal.76dbdc228f782db8	"source"
ui.literal.76dd24f227839410	"RIGHT CLICK FRIENDLY UNIT TO FOLLOW"
ui.literal.76ecf0b8cd7ddb4f	"RETURNING TRADE"
ui.literal.76fc15cac03f4a33	"SHORTCUT"
ui.literal.770638ef58b912f1	"primary action: missing selected entity mapping "
ui.literal.7707f069e80c545f	"throwing axeman"
ui.literal.77083f307118f883	"number_of_objects"
ui.literal.7717ac216986ad70	"retreat"
ui.literal.77182948413b1d8d	"QuickMatchType"
ui.literal.773bd6e5815ca300	"elapsed_ticks >= 1"
ui.literal.775663aa2187b0aa	"%15[^:]:%d,%d"
ui.literal.7762c94d050c6753	" position="
ui.literal.776dcb625216e193	"capped_ram"
ui.literal.7785ac35e29c786e	"won1.mp3"
ui.literal.7791cdb37351d150	"cannot load optional archive cursor: %s"
ui.literal.77976c7416517c63	"counter"
ui.literal.7799bedc6ece17ce	"Select a Villager and gather food."
ui.literal.77ac4203b776ec9a	"Mayans.mp3"
ui.literal.77af6b9695cefe33	"palisade_wall"
ui.literal.77b719bcf739e099	"': output << "
ui.literal.77c72873d9d36d7c	"Siege Ram"
ui.literal.77cb6104013c8ab9	",\"source\":\"procedural_or_unproven\""
ui.literal.77db89dfc845136b	"PEER "
ui.literal.77e0501df94c23cb	"SPEED PROPOSAL SENT; WAITING PEER ACK"
ui.literal.77e080da178331e9	"invalid RMS include at "
ui.literal.7804e2c5c80b68e1	"fixed browser assets: interface sprites"
ui.literal.781f926ec20e22b9	"Castle:"
ui.literal.7828b9b048b46cc6	"selected resource asset did not render: "
ui.literal.78589f6aa7482f15	"Victory"
ui.literal.7858a158505c6af5	"invalid train count"
ui.literal.786555d2c6044c74	"aoe/nostr_protocol.hpp"
ui.literal.78674a24c311d9f8	"invalid campaign human player"
ui.literal.7869bb2b66029419	",\"outcome\":\""
ui.literal.78787f02e77f0cab	"terrain/elevation map, raw object tables, and supported trigger "
ui.literal.787c18f36cd72e04	"localhost-slot-"
ui.literal.788c9bb72825e93c	"SAMPLES"
ui.literal.78c18f4d37153a31	"signal rejected"
ui.literal.78cd63ff3253341e	"invalid lockstep player"
ui.literal.78cdbc0feadc2505	"technology_tree.help"
ui.literal.78d18b40f0da8787	"CONVERT MODE: right click visible enemy unit"
ui.literal.78e6b0aebfcad6c3	"AUTOSAVE SYNC FAILED"
ui.literal.78f594378ce2ca2d	"Bodkin Arrow"
ui.literal.78f70fdb54a52ca8	",\"host_pubkey\":"
ui.literal.78f73f17e28699b5	"gameplay"
ui.literal.78fc4e29dced5288	"Redemption"
ui.literal.791a21e8b642e900	"food-amount"
ui.literal.792196e42933cace	"object attribute outside create_object block"
ui.literal.79647da0e6594e43	"game_speed"
ui.literal.796a041065b7cc9b	" UNAVAILABLE"
ui.literal.796f07252b33661a	"technology_tree.disabled"
ui.literal.799f2fc623c00baa	",\"barrier_tick\":"
ui.literal.79a0ca53769f8f62	"Architecture"
ui.literal.79a8d9d3038ca306	"D  SCREEN SIZE: "
ui.literal.79afa9efe98ee22f	"UNDO"
ui.literal.79b75f7b68118159	"Huns.mp3"
ui.literal.79e71c74ade05813	"invalid player slot"
ui.literal.79eb1970615cc6e3	"Wave1.wav"
ui.literal.7a15fdcea50faaa6	"VER 5.7 DAT record is truncated"
ui.literal.7a3a8a14079a7380	"Use Villagers to build and grow your settlement."
ui.literal.7a4ea8b3f5a99f8e	"Heated Shot"
ui.literal.7a55e1714aecc27c	"unlocked"
ui.literal.7a5ee96b100479d9	"formation-kind"
ui.literal.7a70fcfc5719881a	"objects_generation"
ui.literal.7a9675a8aa494779	"S SLOT  P OPEN/CLOSED  C CIV  T TEAM   D AI: "
ui.literal.7a9bc9bb64a56d80	"hoardings"
ui.literal.7a9cdfb8646e3c6b	"sappers"
ui.literal.7aa91772f515290a	"unmapped_commercial_object_id"
ui.literal.7ab4a01701f33501	"OBSERVER: CHAT DISABLED"
ui.literal.7ac147793d151bec	"invalid animal food in save"
ui.literal.7adfb762f8434c09	"native-single"
ui.literal.7ae2eac78dcce016	"invalid recorded action length"
ui.literal.7af772cd6b544d6d	"../Resources/resources"
ui.literal.7b080228d1afe841	"wonder_plans"
ui.literal.7b0bbe5287b51e82	"throwing_axe"
ui.literal.7b1e1c259e5a047f	"0 0 0"
ui.literal.7b401745ca0f0a87	"DRS WAV resource has invalid RIFF header"
ui.literal.7b5e62a3d4b8a4d5	"aoe-campaign"
ui.literal.7b7315ff4667f3e7	"backgrd1.SLP"
ui.literal.7b8ae7aa9f69db29	"event author/slot mismatch"
ui.literal.7ba7fb5045c9f9dd	"scenario line "
ui.literal.7bb161e050e65004	"schemaVersion\":1,\"frame\":"
ui.literal.7bcb382cc70de9cf	"building requires an empty walkable footprint"
ui.literal.7be708196a3f950c	",\"flipHorizontal\":"
ui.literal.7bee2295c6e4cb06	"   SAVE "
ui.literal.7bf18e982527a2b0	"single-player ordinary match needs one human"
ui.literal.7c011fe8119e8aed	",\"renderPosition\":null"
ui.literal.7c01af0609993920	"LARGEST ARMY"
ui.literal.7c1c381a616a6238	"invalid Genie scenario header size"
ui.literal.7c1d260b66ec5beb	"Fullscreen %s failed: %s"
ui.literal.7c21d2388799c618	"ticks="
ui.literal.7c28cf3d433d6e48	"lockstep-config-v2 "
ui.literal.7c33413d43468483	"lockstep-config-v1 "
ui.literal.7c3ed02e079041a5	"generated fog span lacks terminator"
ui.literal.7c4c836eb6fa8ea3	",\"palettePlayer\":"
ui.literal.7c759943d6e6425f	"invalid blendomatic tile size"
ui.literal.7c91a786a3bb327b	"empires2_x1_p1.dat"
ui.literal.7cda61e16dded517	"animation_frame"
ui.literal.7cf06d2712627536	"BUILDINGS RAZED"
ui.literal.7cfc06a6e2724b9e	"cyclic RMS include: "
ui.literal.7d066e23dbd90be4	".inverted"
ui.literal.7d11a46bdc0070e1	"\"action_detail\":\""
ui.literal.7d1bc4880febc8f7	"impact"
ui.literal.7d2092a44d0096e5	"render_building_damage_overlay:procedural_or_missing"
ui.literal.7d2583134c85da3b	"manifest-digest"
ui.literal.7d3fe057a524e9bc	"town_patrol"
ui.literal.7d4a2bfa9fd833fe	"BUILDINGS BUILT"
ui.literal.7d5ca74be06688b3	"unknown lockstep command"
ui.literal.7d641302a572417a	"truncated synchronization record"
ui.literal.7d685b08ade8aba7	"invalid UTF-16 low surrogate"
ui.literal.7d970a2fb581b272	"select_building_at"
ui.literal.7da7727ca39ddcdc	"commit"
ui.literal.7dcae17567d5eac2	"commercial adapter entry point missing"
ui.literal.7de364f3d5afa45d	"truncated blendomatic alpha mask"
ui.literal.7de9b83cca1130d8	"herbal_medicine"
ui.literal.7ded7cf3d5b821aa	"truncated blendomatic alpha maps"
ui.literal.7e14f9d91b508d2f	"HOST"
ui.literal.7e1a8e37608ec51d	"scenario contains unavailable red technology"
ui.literal.7e220ffc65291187	"stone_mining"
ui.literal.7e5380991930ae03	"locale must contain 1 to 32 characters"
ui.literal.7e5c8be88f03c271	"decoded map dimensions are inconsistent"
ui.literal.7e5f7abe09509b09	"accept"
ui.literal.7e68fe5b09a4acb8	"AOE_GATHER_TRACE"
ui.literal.7e69a0a2884c5b53	"campaign"
ui.literal.7e6cf3d79ddfec1c	"canonical building catalog"
ui.literal.7e8f14245a58f8b8	"SLOW"
ui.literal.7eabd2293459e55d	"trigger references missing building"
ui.literal.7ecdad6b265c0bca	"SAVE GAME"
ui.literal.7ed4cf4179f97831	"classic campaign index and embedded payloads inspected; "
ui.literal.7ed629245a951f0a	"SLP "
ui.literal.7edbdba688404d00	"\",\"resources\":{\"wood\":"
ui.literal.7ee190b2415ac631	"CORRUPT SAVE: "
ui.literal.7ef7613538d2e0ca	"resign: distinct player-number/player-id mapping "
ui.literal.7f0e8dd0bc409316	"turks"
ui.literal.7f12534c2abfa4db	",\"animationState\":\"dying\""
ui.literal.7f1e1e9b1c59ae3b	"ui.objectives"
ui.literal.7f2871bc1fe5fa77	"squires"
ui.literal.7f2b6c605332dd30	"else"
ui.literal.7f2c8c1dcd2ef0cd	"gateu.wav"
ui.literal.7f3487213d4ce910	"exact completed body reveal plus footprint scaffold selected"
ui.literal.7f38f19ea9bd0cc4	"VILLAGER REQUIRED"
ui.literal.7f4715fa74bc63cb	"petard"
ui.literal.7f5c9ffeb325d255	"snow_road2"
ui.literal.7f9e38106bf23782	"commercial-resource"
ui.literal.7fb1a05b1f33d12d	"SELECT ACTION"
ui.literal.7fd156e89e97a93d	"READY TO PLAY"
ui.literal.7fd65b7274b9451e	"   SEED "
ui.literal.7fd8d36c6a3d98ac	"tick "
ui.literal.7fd8d86c6a3da12b	"tick-"
ui.literal.7fd9266c6a3e25b5	"ticks"
ui.literal.7fe0d7da830f9ecc	"TAB FOCUS: TERRAIN  PLAYERS  OBJECTIVES  TRIGGERS  FILE"
ui.literal.7fe2cbd379be8cce	",\"stored_direction\":"
ui.literal.7febb2b9dfc98c6b	"aoe/render_asset_coverage.hpp"
ui.literal.80007f04b34bb593	"no external language DLL sources"
ui.literal.800ff889ee5da939	"section begins inside create_object block"
ui.literal.802517e298c70b03	"build"
ui.literal.8025c4e141b7afca	"Train an army and defeat the enemy."
ui.literal.803f40b19218fa21	"trigger effect has invalid player/resource"
ui.literal.8040d032729aaa0c	"destroyed"
ui.literal.804306fe44993423	"SLP row draws too many pixels"
ui.literal.805799a633aa6c51	"create_connect_same_land_zones"
ui.literal.805a3ebccf7b5625	"resolved"
ui.literal.805da18e29da615f	"HISTORY SCREEN IS NOT YET AVAILABLE"
ui.literal.806929534acdcbb5	"quiet "
ui.literal.806a129c3abd6c79	"native TCP multiplayer is unavailable in frontend-only browser build"
ui.literal.808122accc016579	"invalid Mayan resource remainder"
ui.literal.8087de533b4b1cb9	",\"last_tick\":"
ui.literal.808fdb1de44c8072	"missing or invalid value"
ui.literal.80ae649a52975440	"stone gate (NE-SW)"
ui.literal.80bafdeb5bc29c04	"aoe/game_map.hpp"
ui.literal.80c2f43f7c22212b	"GAME PAUSED"
ui.literal.80c32a6eec68b174	"canonical direct building SLP selected"
ui.literal.80d37fcc11d47931	"huns"
ui.literal.80e29334c29b1f98	"COMPUTER"
ui.literal.80efb05c9fa1afcc	"sender_sequence"
ui.literal.80fd8e3498aebc69	"roster-slot"
ui.literal.81084fe3f50b1e83	"start hello rejected"
ui.literal.8113fe7ea2b16969	"amount"
ui.literal.8124e6c7ba9e439d	"SCENARIO: "
ui.literal.812e6eecfa324407	"inflated header is too short for proved version fields"
ui.literal.81365b17e1e5c7bf	"hand cannoneer"
ui.literal.81582e7e90bbe1e1	"invalid roster slot in save"
ui.literal.81591ce777cba97d	"AOE_SCREENSHOT_ADVANCE_TICKS"
ui.literal.81639826323d2fe8	"PACKING"
ui.literal.816995a82874c838	"convert"
ui.literal.81842aebfa35d19e	"technology_tree.researched"
ui.literal.818479a7aec6062d	".mp3"
ui.literal.8185a98b7551093c	"Desert"
ui.literal.81b0d6760e625f25	"mapping"
ui.literal.81b79ca7aef19b3f	".mgl"
ui.literal.81b7a8a7aef1afa3	".mgx"
ui.literal.81b7aaa7aef1b309	".mgz"
ui.literal.81c0d56003462f56	"player sprite slot is invalid"
ui.literal.81e428aac41e1508	"deactivate_trigger"
ui.literal.81f7ca330da64555	"impact "
ui.literal.81f7cd330da64a6e	"impact-"
ui.literal.81fd7bb01ce00d80	"tribute "
ui.literal.8210e1b2dd8ea2ea	"Elite Conquistador"
ui.literal.8216607509d49c45	"overlapTick"
ui.literal.8220c83c9ecd8658	"elite janissary"
ui.literal.82364bc6494f3010	"invalid commercial task record"
ui.literal.8236909a017c6416	"POP {population}/{capacity}"
ui.literal.825395195cf6b7ce	"slp"
ui.literal.826f6a8ceaad9e3a	"\",\"actionDetail\":\""
ui.literal.827841546cc58edd	"invalid observed event ID"
ui.literal.8288ae36cfb2fc9d	"Herbal Medicine"
ui.literal.829665e447502da7	"invalid if"
ui.literal.82cdec87b721b95f	"SLP resource absent"
ui.literal.82d049d599823dd1	"naval loader call has no canonical mapping"
ui.literal.82d9c12e5c15cf64	"invalid elevation transition pattern"
ui.literal.82e3796984a78e60	"VER 9.9"
ui.literal.82e37a6984a79013	"VER 9.8"
ui.literal.82e3836984a79f5e	"VER 9.3"
ui.literal.82e3866984a7a477	"VER 9.4"
ui.literal.82e3b16984a7ed88	"VER 9.A"
ui.literal.82e3b36984a7f0ee	"VER 9.C"
ui.literal.82e3b46984a7f2a1	"VER 9.B"
ui.literal.82e3b56984a7f454	"VER 9.E"
ui.literal.82e3b66984a7f607	"VER 9.D"
ui.literal.82e3b86984a7f96d	"VER 9.F"
ui.literal.82ffed67c2c3363b	"diplomacy.enemy"
ui.literal.8300b224ee074d12	"Snow"
ui.literal.830e4f7e05c4147c	"ALLIED VICTORY"
ui.literal.8314203ac65ff2ca	"objective.done"
ui.literal.831509a5bfdaf566	"start ready references mismatch"
ui.literal.83169ad5abd905b5	"cannot load proved building shadow for SLP %d: %s"
ui.literal.832a2fb5a761b93b	"red_missing"
ui.literal.83321f3344ff09f0	" unique unit unavailable"
ui.literal.83378cbff9fa0882	" move "
ui.literal.8377d0ea88d50036	"Group {group}: {count} unit"
ui.literal.83789e58052c5fa6	"missing JSON value"
ui.literal.83957c1064221d06	"\"commercial projectile asset contract\""
ui.literal.8395cf1edef72443	"commercial-tech-disabled "
ui.literal.83b40db07bb01e3b	"CONNECTING / HANDSHAKE"
ui.literal.83ba1666aa721c4f	"SLP command table is truncated"
ui.literal.83cf8e8f9081468b	"index"
ui.literal.83dedc4111c9411d	"invalid match statistics player"
ui.literal.83ee806eb0985701	"invalid native diplomacy in save"
ui.literal.83eeb7c1b653d9b9	"fatal"
ui.literal.8402e630c97b7bb9	"DESYNC"
ui.literal.840494a4b452f89e	"stone wall"
ui.literal.841abdc50b9e2533	"Campaign"
ui.literal.841dc9ea5c0a4124	"positive_floor requires a finite nonnegative value"
ui.literal.8429a5b7e774ac24	"literal"
ui.literal.8439f24fe46b7a5c	"Grass 3"
ui.literal.8439f34fe46b7c0f	"Grass 2"
ui.literal.84774aec52cc5690	"Masonry"
ui.literal.849563a68f2def27	"archery_range"
ui.literal.84970169d95939f4	"Audio loose effect "
ui.literal.849a3eced2c614d3	"INTEGRITY: STATE HASH MISMATCH"
ui.literal.84b22983aaee7a7a	"all:"
ui.literal.84b26883aaeee587	"ally"
ui.literal.84b72c4fac548ef2	",\"stateHashStatus\":"
ui.literal.84d6310f58f4add8	"INVALID DOCK SHORELINE"
ui.literal.84e0b3035350917c	"unit kind has no canonical animation mapping"
ui.literal.84e9afa88c1e9ffb	",\"camera\":{\"x\":"
ui.literal.84f7a51f3be6616c	"trigger creates entity outside map"
ui.literal.84ff40cf4a1f7080	"scenario body lacks next object ID"
ui.literal.853df84dbe1e6e1e	"mode/local slot mismatch"
ui.literal.85615b6730a7bfe5	"dark"
ui.literal.859125b070381830	"MUSIC/SOUND ATTENUATION APPLIES LIVE; PAUSE/FOCUS PRESERVE AUDIO"
ui.literal.85a42f6f865758b3	"cannot load optional animated composite %d: %s"
ui.literal.85b9c52c3b89b990	"match_reference"
ui.literal.85ca48710496b543	"local slot must be human"
ui.literal.85d927f1a5c8c42c	"fortified_wall"
ui.literal.85deb4cc05409677	"old_grass"
ui.literal.85fb3c740a2ad720	",\"resourceTargetEntityId\":"
ui.literal.8612b9099a37ec79	"build "
ui.literal.861af4c67cd683bc	"unknown terrain "
ui.literal.865b7478db00e67c	"full"
ui.literal.865d9c52a516f865	"samurai"
ui.literal.8663528753ed34db	"set_scale_by_groups"
ui.literal.8673baf5e77704fd	"pine_forest"
ui.literal.8686ac97d3416de9	"plate_barding_armor"
ui.literal.868d65ef69bbb5bf	"tuna"
ui.literal.8696142ea725ac2f	"unknown building marker"
ui.literal.869a8aef69c67efa	"turn"
ui.literal.86c1d1412af03895	"commercial adapter packet changed size"
ui.literal.86c5a3e9fbae1812	"docs/assets/PROCEDURAL_BUILDING_ASSET_MAP.md"
ui.literal.86e4a0bb6bc88f85	"Anarchy"
ui.literal.86e77342d94328e3	"Spanish.mp3"
ui.literal.86ed0910b19b1d18	"event_observed"
ui.literal.870eb3cf6bfe300c	"recognized classic format, but header version "
ui.literal.87149243ae5498b0	"generated/building_body_state_catalog.json:fish_trap"
ui.literal.872a1e847563eeaa	"market_buy"
ui.literal.87319172a0a636f6	"player exploration size mismatch"
ui.literal.873571b2f843baa7	"campaign has no current scenario"
ui.literal.8758d42f1bb59c6f	"MapFileType"
ui.literal.875acbd21fba7444	"conflicting terminal result"
ui.literal.875c209df7f55662	"complete_objective"
ui.literal.87849b75b7f546f4	"AOE_MULTIPLAYER_INPUT_DELAY"
ui.literal.87a0861f126dd78b	"construct requires villager id, building kind, x, and y"
ui.literal.87ab7fa048465db7	"fixed browser barracks mapping is absent"
ui.literal.87b1ad427cae142f	"invalid animation state in save"
ui.literal.87cc05b46a17cf65	"OPTIONS"
ui.literal.87eb78736212429e	"{\"source_object_index\":"
ui.literal.8811786d673a9462	"palette channel is invalid"
ui.literal.8851759955f069e0	"aoe/content_catalog.hpp"
ui.literal.886a4e36101b1d45	"object-HP comparison is stored in unpinned property index 17; "
ui.literal.886b5307935c8815	",\"status\":"
ui.literal.8874defd53e5d358	"guard_tower"
ui.literal.88813a4a649920b2	"All idle military selected"
ui.literal.8881677509c6d9f3	"Elite War Elephant"
ui.literal.888ee7c7a0d181b5	"locale and language file must fit one settings line"
ui.literal.88b9c7022d4ea394	"Wave"
ui.literal.88ba16b0387ed8a7	"statistics.military"
ui.literal.88e7f56792d19069	"unknown unit kind"
ui.literal.88f341f5e7847ecf	",\"translated_triggers\":"
ui.literal.88f6607a00cd7eae	"Data/graphics.drs"
ui.literal.890d7c8705e04af6	"RMS evaluation failed"
ui.literal.8928708bbcca075a	"JASC-PAL"
ui.literal.8935baf305f374b4	"ready"
ui.literal.8936df6d76ac3e47	"Bombard Tower"
ui.literal.897937ba8ed5d943	"EDITOR CURSOR OUTSIDE MAP"
ui.literal.8988e60f4e6b92dd	"Husbandry"
ui.literal.89899501d2e44439	"TRADE"
ui.literal.898d9cc1ad905cf1	"UNEVEN ELEVATION"
ui.literal.89a7c0580e5854e2	" unsupported triggers preserved in import report and skipped"
ui.literal.89b3b92c5bce7229	"REDO"
ui.literal.89b48bc10b33548f	"archaeology-save.txt"
ui.literal.89cc838cb1066046	"Stone Mining"
ui.literal.89d1417d10548f5e	"invalid drop commit"
ui.literal.89d2e376110ae6e7	"invalid diplomacy stance encoding"
ui.literal.89e9be1960f4c21c	"red"
ui.literal.89f0526d106b85d2	"Siege Onager"
ui.literal.89f6ab7a524faa0e	"trigger order table size does not match trigger count"
ui.literal.8a04a8e9fbed7b4c	"canonical_unit_death_animation_sets"
ui.literal.8a058ae5709e2bf7	"Shinkichon"
ui.literal.8a119f01f2f393e2	"elite_tarkan"
ui.literal.8a11cb8df708ad20	"atonement"
ui.literal.8a26f39198ab6d74	"condition order is not a permutation"
ui.literal.8a5002866e69e1a2	"SLP command draws outside frame"
ui.literal.8a5196f0f4192984	"selected unit death animation did not render: "
ui.literal.8a51c180268221ab	"civilizations "
ui.literal.8a5c10c3d1d8f4dc	"bind/listen"
ui.literal.8a6acc2aa4abb851	",\"max_tiles\":"
ui.literal.8a75259dc0f7e76c	"aoe/generated/technology_icon_bindings.inc"
ui.literal.8a86ca4de97f2ba1	"death-match"
ui.literal.8aa5986109ebada9	"grouped_by_team"
ui.literal.8acb7f3bc76cde85	"Arrange selected units in a defensive box."
ui.literal.8ad0aeb3a2259454	"player composite slot is invalid"
ui.literal.8add64ee23869b64	"invalid conversion check input"
ui.literal.8aef069a5d356eaf	"aoe/legacy_campaign.hpp"
ui.literal.8af7000411273007	"INSUFFICIENT RESOURCES"
ui.literal.8af96746729a08c0	"heavy"
ui.literal.8b04db52fbf376bc	",\"age\":\""
ui.literal.8b080b2a73e54c62	"archer"
ui.literal.8b103c760de3ceb9	"auth_required"
ui.literal.8b18526e22d2734d	"Release all units garrisoned in this building."
ui.literal.8b1a6c7e64570780	"Atonement"
ui.literal.8b2a4dd3b309cba8	"using original statistics interface SLPs"
ui.literal.8b38f9a376091613	"HOTKEY DEFAULTS RESTORED"
ui.literal.8b3eed54d14d04d1	"invalid enabled-technology count"
ui.literal.8b44444672d9b8c1	"heal "
ui.literal.8b6d38b7358e1a02	"libmpg123.so"
ui.literal.8b9eb1265e9ba2dd	"invalid checkpoint speed"
ui.literal.8bc030e488905e7a	" triggers contain semantics without a lossless reconstruction "
ui.literal.8bd4cce2c22fba2a	"wonder"
ui.literal.8bebfc955c73e665	"statistics-sample "
ui.literal.8bfedd8d7080c844	",\"formationGroupId\":"
ui.literal.8c0587443b0ff1e7	"canonical naval composite root selected"
ui.literal.8c1a8b40e1a7c74a	"onager_primary"
ui.literal.8c1eda0da8870097	"pong"
ui.literal.8c252737b7725c31	"input_delay "
ui.literal.8c28acf0c94f869c	"libmpg123.so.0"
ui.literal.8c297fb9c6c92dc9	" SCENARIOS)"
ui.literal.8c2ad0425932c6a7	"canonical_resource_asset_sets"
ui.literal.8c3833eea52948c8	"SlotCount"
ui.literal.8c4a2ff99bf78cd8	"AOE_TOWER_DAMAGE_AUDIT_PERCENT"
ui.literal.8c546a55ec3724d7	"trailing blendomatic.dat bytes"
ui.literal.8c684c846f70ee13	"canonical_building_damage_records"
ui.literal.8c6d25950915820f	"click"
ui.literal.8c6d841a61dbdddf	"AOE_SCREENSHOT_BUILD_OUTPOST"
ui.literal.8c6e5909c3f3e7fe	"unit requires an empty walkable tile"
ui.literal.8c7e2a950923fdc1	"cliff"
ui.literal.8c8560603b70c89c	"TILE OUTSIDE MAP"
ui.literal.8c9944b414793ad7	"GEORGIAB.TTF"
ui.literal.8caa1079d94eaee4	"foundation"
ui.literal.8cbe74aef4a2d055	",\"one_relay_development\":"
ui.literal.8ccaf4719ed9469f	",\"listed_object_references\":"
ui.literal.8cda8d9dd9f716df	"palette color count is invalid"
ui.literal.8ce2e31ae56fdd6d	"aoe/rms_import.hpp"
ui.literal.8ce5529661394f22	"invalid percent_chance"
ui.literal.8cf23314f8d5d74b	"trailing trigger data"
ui.literal.8cf587053d1f6f75	"noncanonical JSON number"
ui.literal.8cfb6c4818c0d432	"COMPLETED"
ui.literal.8cfcfbc901a8053e	"ATTACK MOVE"
ui.literal.8cfee538229de52d	"localhost host must own blue and joiner must own red"
ui.literal.8d1036bff9eaf620	"settings file could not be opened"
ui.literal.8d1ee2e6f6cdcd35	"setsockopt SO_NOSIGPIPE"
ui.literal.8d2f50b615f1ad06	"Dark Age"
ui.literal.8d34abe7e8bd8b10	"ai-tiny"
ui.literal.8d375819f3ab3370	"POP"
ui.literal.8d48ab22e01a30fb	"AOE_WINDOW_RESIZE_PROOF"
ui.literal.8d4bb18a53f2ed31	"cannot upload packaged HD terrain texture %s: %s"
ui.literal.8d575409f36ce785	"selected damage record requires unsupported flagged "
ui.literal.8d67b0a194b5115e	"SCHEMA MISMATCH"
ui.literal.8d72d31b14093c0e	"chat effect has unmapped player or empty text"
ui.literal.8d7c42dfec2bb12f	"cannot initialize DEFLATE decoder"
ui.literal.8d7c84331b167559	"LOCALHOST PEER CONNECTED"
ui.literal.8d7dcc498cf8b345	"PatternMasks.dat"
ui.literal.8d8201fcc0dafce6	"Saved Game"
ui.literal.8da66050c626a817	"control event does not match proposal"
ui.literal.8dc42c0f0d0d8220	",\"expectedResourceIds\":["
ui.literal.8dc6c8d3873db0a8	"redemption"
ui.literal.8dcb2f4cae06de0f	"cannot load exact building-state composite %d: %s"
ui.literal.8dccb577f12c8399	"minimap_mode="
ui.literal.8dcd0710defcf2ae	",\"trigger_audit\":{"
ui.literal.8e126b7270a57a66	"[FAILED] "
ui.literal.8e1f648b69172b63	"villager"
ui.literal.8e233910d7a2974d	"empty AI token"
ui.literal.8e3017cc0720b245	"Group {group} recalled"
ui.literal.8e4bfe273d421d07	"       "
ui.literal.8e578afdae707f8f	"gather command rejected"
ui.literal.8e6567a78dc9b167	"invalid waypoint"
ui.literal.8e7c823180abe027	"cannot read legacy asset archive"
ui.literal.8ea2f8046e124c59	"STATUS  {status}"
ui.literal.8eb3c31dbf5e65f5	"building age or architecture family is invalid"
ui.literal.8eb5b225b0f1f100	"overwrite confirmation required"
ui.literal.8ec49db1969cae0b	"Audio runtime focus "
ui.literal.8eee75017d1ad9ac	"Barracks:"
ui.literal.8ef70c83494b6ecc	"Call nearby villagers to shelter in the Town Center."
ui.literal.8ef8f3ef9f081ead	"Set destination for newly trained units."
ui.literal.8efb34a73fc8d731	"campaign source image is no longer valid"
ui.literal.8f39a185736ce625	"TOOL: "
ui.literal.8f40e6ebb9b533c8	",\"object_reference_blockers\":"
ui.literal.8f4a25dd6d4f4809	"aoe-lockstep 3 "
ui.literal.8f4ff09adc029fdf	"Block Printing"
ui.literal.8f56472d28833e6b	"ENEMY"
ui.literal.8f58642ecf768314	"P  MINIMAP: "
ui.literal.8f62cad429a68033	"AOE_MULTIPLAYER_RESUME"
ui.literal.8f660538403cc10e	"gamedata_x1.drs"
ui.literal.8f7d39835317ca91	" object records remain unsupported and are preserved in report"
ui.literal.8f96bc3355b8d6ae	"aoe/ui_icon_contract.hpp"
ui.literal.8f9ad3b3e4b1d33f	"main_32.slp"
ui.literal.8fdb8fe23ca753d3	"NOTHING TO UNDO"
ui.literal.8fe3e0977dfbb199	"INVALID COMMAND"
ui.literal.8fe713856e8d9d29	"invalid unit owner in save"
ui.literal.8fee100b144bf028	"using original menu SLP from %s"
ui.literal.8ff13dd216d7d56a	"NO ATTACK"
ui.literal.9007279d2a03b7eb	"truncated or invalid raw-DEFLATE body"
ui.literal.904135b6e65758fd	"invalid object attribute "
ui.literal.904a0e125575d1c5	"watch tower"
ui.literal.9057938d8de90bf4	"move: missing commercial-player mapping"
ui.literal.908c7231f4d6c50b	"cannot finish "
ui.literal.909f4ede0440a5cd	"invalid campaign name"
ui.literal.90a36681cfbdd317	"multiplayer.title"
ui.literal.90a69d63c9c4d05d	"overlapping buildings in save"
ui.literal.90af0bad2338678a	"Audio runtime mute "
ui.literal.90b2ebc47cbe17ad	"using packaged legacy localization: %zu strings from "
ui.literal.90cb8d5475ebeb93	"Large (220)"
ui.literal.90d2faa4fceb6fe0	"Capped Ram"
ui.literal.90e9b5847a120002	"mock commercial identity is invalid"
ui.literal.90ebeb85c79c5df2	"invalid trigger condition count"
ui.literal.90fb0bef8a680e18	"unmapped_commercial_id"
ui.literal.910d4c382556e5fd	"    {\"id\":\""
ui.literal.91190697f6c5bac3	"cannot determine legacy asset size"
ui.literal.91250aebfa9cdd4e	"thumb_ring"
ui.literal.91260b77bc860198	"multi-peer client requires configured occupied slot"
ui.literal.912d18fde5891949	" + selected civilization/Age completed body"
ui.literal.913603320716179e	"invalid cliff"
ui.literal.913e722e4c3277dd	"missing technology mapping"
ui.literal.914646f1b6e08a6c	"Arabia vs AI"
ui.literal.914c408c6a7df992	"AOE_SCREENSHOT_PACK_TREBUCHET"
ui.literal.91635dcdc8707b0f	"percent_chance"
ui.literal.916b768e4cf85673	"invalid formation replay record"
ui.literal.918fcc6b10be8d89	"%Y-%m-%d %H:%M"
ui.literal.9192478eb12715a6	"   READY"
ui.literal.919929f755a693ad	"RIGHT CLICK FRIENDLY TRANSPORT SHIP"
ui.literal.91b0ff93d57ac6a8	"TRADE ROUTE"
ui.literal.91c53df3cd73c62e	"authentication required"
ui.literal.91c5be3321171d1b	"graphic ID breaks sequential DAT alignment"
ui.literal.91d1beb921c3d73c	"build ID"
ui.literal.91d4d492c12a18f0	"Frederick Barbarossa in a series of related games."
ui.literal.91d9fe048f41c696	"scorpion_bolt"
ui.literal.91e9f5dd343fa4f1	"capture-move"
ui.literal.91faa2c4f44b7501	"canonical_projectile_asset_bindings"
ui.literal.9228cdbfd8b237a8	"Elite Teutonic Knight"
ui.literal.92331e648d9bb1f1	"Bamboo"
ui.literal.925b8aad41f3ee94	"fog_edge_geometry.hpp"
ui.literal.9268e821ecb3855d	"invalid scenario-player diplomacy count"
ui.literal.928bd7810a5229ed	"staggered"
ui.literal.928d51a8d8505288	"elite teutonic knight"
ui.literal.92a797f5058ad56d	"%dx%d"
ui.literal.92b256935f054b43	"mangudai"
ui.literal.92b37455a24d74e7	"Optional effects disabled: "
ui.literal.92bd426c3bf3c95c	"pause_frozen "
ui.literal.92fc493d7aed1023	"Mangudai"
ui.literal.9300227ccf9a0dd5	"Audio runtime pause "
ui.literal.93031b1ca01b0163	"attacking"
ui.literal.930e5946ad1f992b	"elevation_generation"
ui.literal.933c821a2aaa8a31	"Control group %zu assigned"
ui.literal.933de6708580a058	"random map has no Regicide castle site"
ui.literal.9348eb33b14e04c9	"HOST PROPOSAL ACKNOWLEDGED: PAUSED"
ui.literal.935361d39ef4c046	"fixed browser asset closure failed eager decoding"
ui.literal.935cf24b0f2a49f9	"#const"
ui.literal.93719391fdbb8963	",\"attackTargetId\":"
ui.literal.938a6f4b94f4871f	"island starts share land"
ui.literal.938ab4b2f4fb10d0	"Water"
ui.literal.938bc2034c113619	"INCOMPATIBLE SAVE VERSION"
ui.literal.93af19945ce883e3	"SIGNAL: CLICK AN EXPLORED WORLD TILE"
ui.literal.93c1b61f05998e3f	"topology building frame is outside reachable set"
ui.literal.93dbc37b29602e52	"cannot initialize header DEFLATE decoder"
ui.literal.93e4cd644f65cef2	"replay"
ui.literal.940b0399281d9807	"elseif"
ui.literal.94197969ba4f3e8e	"PEER LAG: TIMEOUT"
ui.literal.941f3b19259ee999	",\"command_ms\":"
ui.literal.9424f3e486a76028	"AOE_SCREENSHOT_BUILD_WONDER"
ui.literal.9439c7383c780059	"mpg123_outblock"
ui.literal.9478e6b1a050a1a7	"cannot initialize SDL: "
ui.literal.94947c337166d53e	"ms   INPUT DELAY "
ui.literal.949948c455ebaa8b	"mining_camp"
ui.literal.94ad13b5d7b912eb	"campaign progress is stale"
ui.literal.94b13954949c5e49	"Road 2"
ui.literal.94cb15190649b53b	"terrain_type"
ui.literal.94fb499243f42b3c	"LOAD FAILED: "
ui.literal.95226d2c07934fe8	",\"w\":"
ui.literal.952b99f934c4637d	".list"
ui.literal.952ca9d9fb8d4125	"H HOTKEYS   A APPLY   S OK+SAVE   ESC CANCEL"
ui.literal.952ddb31af42112a	"truncated raw-DEFLATE DAT payload"
ui.literal.953780fd7b448a65	"Audio ambience "
ui.literal.953941d4f0729420	"deferred handshake event bound exceeded"
ui.literal.953e01ff99ca0360	"AOE_CAMPAIGN_NARRATION_PATH"
ui.literal.9551cbfa38ac0e99	"Careening"
ui.literal.9555441c5c252b81	"duplicate building memory in save"
ui.literal.9560b0a0b2cc974e	" [RMS]   Z SIZE: "
ui.literal.9567931628aea161	"multi-peer host requires native occupied roster"
ui.literal.95aaf2db9e1a6b78	"frame-exception: "
ui.literal.95bac1cd6cb6eb33	"invalid campaign scenario count"
ui.literal.95beab5330667a1f	"EDITOR READY"
ui.literal.95c97a66216625fd	"cannot determine loose SLP size"
ui.literal.95ca81be6f0f0df2	"sanctity"
ui.literal.95ce57cc71cc9a7d	"elite_huskarl"
ui.literal.95d58416c6a30662	"resource amount cannot be negative"
ui.literal.96048c94a76e851c	"elite_woad_raider"
ui.literal.96251a7bb679ed11	"deposit-relic "
ui.literal.9629610d52c6d26d	" load/decode failed: "
ui.literal.963b3c762be74ff4	"FAILED"
ui.literal.96552afd42353f1e	"commercial adapter creation failed"
ui.literal.96623533c23ef4f9	"AOE_DISABLE_LEGACY_ASSETS"
ui.literal.9682635ec65a1e38	"select_building_at requires x and y"
ui.literal.968600da6d67cb64	"aoe/legacy_recorded_game.hpp"
ui.literal.969d57003cb16061	"Editor objective "
ui.literal.96a42441cb6b5972	"canonical_naval_composite_sets"
ui.literal.96a66cdc5c9353c4	"packed_trebuchet"
ui.literal.96bf9331e6bb1ac6	"invalid drop proposal ID"
ui.literal.96c5e41c4b85ec20	"invalid tribute trigger effect"
ui.literal.96cb6f011181aaa0	"KILLS/LOSSES"
ui.literal.96d635df54d5f69f	"PLAYER AGE CHANGED"
ui.literal.96fca7405a47b4b0	"create_object requires a brace-delimited block"
ui.literal.9711678ed8e951a4	"CHECKPOINT REQUEST REJECTED"
ui.literal.9714841f89d93813	"elite war elephant"
ui.literal.971f59a6310c4baa	"teutonic_knight"
ui.literal.972165eca74e2ac0	"REQUIRED"
ui.literal.975bb8a2746fc557	"group_placement_radius"
ui.literal.975de943f4151635	"Gold Mining"
ui.literal.97691b52fae5a861	"references absent SLP"
ui.literal.978c72b50a57e01b	"invalid lockstep session config: "
ui.literal.9793cf2e59f158ea	"cannon galleon"
ui.literal.97a5ce7c92d04059	"RMS exceeds byte limit"
ui.literal.97b4742e0463ce10	"hand_cannoneer"
ui.literal.97b94abbd548a0b8	"attack_move requires unit id, x, and y"
ui.literal.97c853b46b319ec2	"aoe/player_color_palette.hpp"
ui.literal.97d2e4bf845f9850	"invalid reactive attack scheduler"
ui.literal.97d4db9c652fdf59	"\"reason\":\""
ui.literal.97da19cd9ebadb1a	"aoe/localization.hpp"
ui.literal.97dc8b63afbd7adb	"invalid herdable food"
ui.literal.97e2c518ec6ef536	"  LOCAL SLOT: "
ui.literal.97e35b54ee126f69	"unmapped_owner"
ui.literal.97ec1a57729efe3c	"Farm Cnst1"
ui.literal.97ec1c57729f01a2	"Farm Cnst3"
ui.literal.97ec1d57729f0355	"Farm Cnst2"
ui.literal.97fd8f465b5a0c21	"LatencyRegion"
ui.literal.981368c8faac2f17	"},\"logicalWidth\":"
ui.literal.981d502e4e64844d	"campaign-escape"
ui.literal.983077504791eba6	",\"redEconomy\":{\"wood\":"
ui.literal.9830a62a3ec42b4e	"waypoint "
ui.literal.983292e4ee3aacfc	"using packaged campaign SLP background from %s"
ui.literal.9840bdc81c501475	"BUILDING"
ui.literal.985bb519faae112e	"Slp"
ui.literal.9875826212d7925f	"aoe/nostr_multiplayer_runtime.hpp"
ui.literal.987925df880574fe	"     SAMPLES "
ui.literal.987fc329f9a2f20a	"Lucida Blackletter"
ui.literal.98844b0da88f0622	"overlay mode "
ui.literal.9887e56fca2924a6	"elite samurai"
ui.literal.989ba52073a3e518	"AVAILABLE"
ui.literal.98aa6a7e95802aaf	"invalid commercial tech time"
ui.literal.98b4db606189983d	"eose"
ui.literal.98c74b9cdf17da31	"language.dll"
ui.literal.98e0b37bcf178573	"Shift+1/2/3/4"
ui.literal.98e3e6751855edb7	"player-"
ui.literal.98e3f675185608e7	"player="
ui.literal.990864c130fc8617	"faith"
ui.literal.9911d0dfa730e248	"200x200: original default map size."
ui.literal.99183c187fa80d9b	"control payload on non-control frame"
ui.literal.99193c9c368d7351	",\"resultCount\":"
ui.literal.991a733b77952cf2	"watch_tower"
ui.literal.991cd6779b15a35c	"desert"
ui.literal.9929df8e462d99f3	"Scale Mail Armor"
ui.literal.99315a8ec9049a1b	"conquest"
ui.literal.9939be85b1ebf7ff	"allies"
ui.literal.9939cb85b1ec0e16	"allied"
ui.literal.994c8c5155e8b230	"canonical animated building SLP selected"
ui.literal.9950b8e9426a1fcc	"snapper"
ui.literal.99540a91c9d51472	"HOTKEY CHANGE CANCELLED"
ui.literal.9968807f25b7a0aa	"truncated campaign string"
ui.literal.997a78cc19d6cb3b	".object_type"
ui.literal.997b5502f328b231	"Plumed Archer"
ui.literal.9987961e20cc180b	"queue-farm"
ui.literal.99954e824b0d0e3b	"batch"
ui.literal.99965b9ba54f60db	"application-shutdown-requested"
ui.literal.99b436de682e0f0b	"AOE_CAMERA_TILE"
ui.literal.99b5b40fe2c7923d	"transport_ship"
ui.literal.99bbfb4172ad1e6e	"stone_shaft_mining"
ui.literal.99c950d1b194b5dc	",\"effect_types\":"
ui.literal.99df7def32337189	"cycle in mapped animated legacy composition"
ui.literal.99e136ea24106f09	"select_building_kind requires building kind"
ui.literal.99f19cdb326e4fa6	"blue team"
ui.literal.99f8fa62c7374d35	"invalid tribute mapping"
ui.literal.99fe051a98cc2083	"fletching"
ui.literal.9a07446d5d8014e5	"SAVE LOADED"
ui.literal.9a225a3d7e79373a	"\\u00"
ui.literal.9a2e7b805f328a12	"demolition_ship"
ui.literal.9a3003df6e974e30	"AOE_NOSTR_RELAYS"
ui.literal.9a33cfc5ff221042	"],\"shadow_draw_order\":"
ui.literal.9a382f3e0539b57f	"aoe/player_codec.hpp"
ui.literal.9a4689669130a866	"canonical special unit action"
ui.literal.9a4dd1893937da10	"invalid message trigger effect"
ui.literal.9a84ef1e9b667bce	"invalid or duplicate map"
ui.literal.9a92dc40fa079193	"resign "
ui.literal.9a9f77f951d72df0	"game_data"
ui.literal.9aa129cfda972355	"aoe/scenario.hpp"
ui.literal.9aa7d3145dd2b5c6	"invalid chat length"
ui.literal.9aaae785782acec5	"canonical civilization-specific Wonder root selected"
ui.literal.9aeb1b26cba47760	"GATHER_STATE tick="
ui.literal.9b0f6dd65691a026	"Select a supported standalone custom scenario."
ui.literal.9b2b43107cd5ca6a	"invalid trigger syntax mode"
ui.literal.9b3994597f39b315	"Blast Furnace"
ui.literal.9b3e124fb9ba8eda	",\"unsupported_triggers\":"
ui.literal.9b4e71c756cccc91	"farm texture body selected for progressive construction reveal"
ui.literal.9b4f1c4ad9a7961f	"edge_scroll="
ui.literal.9b51cd7cd76778c4	"result"
ui.literal.9b55c27cd76b4eea	"resume"
ui.literal.9b58bb6da92af8af	"select_building requires building id"
ui.literal.9b7eb163d0102690	"feudal"
ui.literal.9b83794d6244956d	",\"clippedDestination\":{\"x\":"
ui.literal.9ba1148902bfb67f	"AOE_MULTIPLAYER_AUTO_READY"
ui.literal.9bad789a9d86d7c4	".cpx2"
ui.literal.9bb2987416c8fd42	"CONVERSIONS"
ui.literal.9bcc9e8d749a6f92	"nonblocking connect failed with errno "
ui.literal.9bd0ae0136597254	" active="
ui.literal.9bdfb9e52e9ece1c	"paladin"
ui.literal.9bf74df0fcfbc8f1	"Market:"
ui.literal.9c0636e3645a2491	",\"relays\":"
ui.literal.9c115fc92d29d9ca	"CASTLE AGE"
ui.literal.9c1b570c1a0eff44	"SETTINGS MISMATCH"
ui.literal.9c1c58605f33af7b	"Ice Beach"
ui.literal.9c2f723c7920575e	"naval architecture family is outside 0..3"
ui.literal.9c789e1c9974c788	"campaign file exceeds 256 MiB limit"
ui.literal.9c98ba8b98444e1d	"command schema version"
ui.literal.9caa4ec90914888e	"player_setup"
ui.literal.9cb788fe6e96b802	"unique lossless native remap"
ui.literal.9cbaaa743477e8cb	"Sappers"
ui.literal.9cd2514b012af589	"galleon"
ui.literal.9cefc8720ea680d3	"gold"
ui.literal.9d27efe3b3b91121	"move: non-integral or out-of-range coordinate"
ui.literal.9d2df286383526f3	"two_handed_swordsman"
ui.literal.9d4228677a03f6a4	"hardest"
ui.literal.9d547c09537b3a82	"change-object-HP operation, clamp, and death semantics are "
ui.literal.9d7a2cf56b07f503	"bamboo_forest"
ui.literal.9d8444e07c2049b2	"effect type lacks a lossless native mapping"
ui.literal.9d959b32636943ef	"responses.jsonl"
ui.literal.9d9d4c56706a2235	"cannot atomically replace checkpoint"
ui.literal.9da6cd94b782cd1b	"invalid death effect facing in save"
ui.literal.9da74db516726a5b	"; damage below first overlay threshold"
ui.literal.9dd6355369c1ee33	",\"source\":["
ui.literal.9df9c5ccc705c496	"invalid scenario trigger"
ui.literal.9dfdf656668aa622	"{name} ({cost})"
ui.literal.9e1947e2c02128fa	"AI node limit"
ui.literal.9e27231018aff6fa	"gate-lock"
ui.literal.9e428496a0f0bd3a	"generic"
ui.literal.9e5ae412a5f20d6e	"AOE_COMMAND_VISUAL_PROOF"
ui.literal.9e61a754681c9c3c	"DRS file index is truncated"
ui.literal.9e64afdf5d1aa37f	"Monastery:"
ui.literal.9e672793e04242a0	"cliff_curliness"
ui.literal.9e74ffeec89e1bcc	"invalid commercial auth ticket length"
ui.literal.9e782909b2877390	",\"resourceTargetVisible\":"
ui.literal.9e9b04c54923ae13	"idle"
ui.literal.9ea3d1e0f11931b8	"building has no direct SLP for selected age/family"
ui.literal.9ec4145255fbe901	"indexed terrain row has wrong pixel count"
ui.literal.9ecfd865f240ccd2	"Teuton.mp3"
ui.literal.9ef99d6b51b73253	"unsupported classic SLP extended command"
ui.literal.9f0adff635acee63	"tribute 100 W/F/G/S"
ui.literal.9f0ff66769c0601a	"game_speed="
ui.literal.9f1eb3df57a967e8	"commercial auth ticket exceeds 1024 bytes"
ui.literal.9f1f526755fef006	"scenario-"
ui.literal.9f1f5f6755ff061d	"scenario "
ui.literal.9f300702cb64b834	"WAVE"
ui.literal.9f64d99c7b829866	": no explicit execute_at-to-Replay tick mapping"
ui.literal.9f6b3c5cdd107ae5	"   COMMAND SCHEMA "
ui.literal.9f7f9c126634bfa2	"ranged"
ui.literal.9f81ea67d9db6f95	"{\"ok\":true,\"tick\":"
ui.literal.9f89bc3c451e3586	",\"resourceId\":"
ui.literal.9fa86003ec572b3a	"\",\"owner\":"
ui.literal.9fbbc3dceddbf1cf	"tick_zero"
ui.literal.9fbdf908f1e3e37c	"VER 5.7 terrain boundary does not reach random maps"
ui.literal.9fd1ff57a5f3a093	".scenario"
ui.literal.9fe33fcac2ba927a	"world.garrison_volley_badge"
ui.literal.a000c4df231528b9	"hidden"
ui.literal.a01424a2fe4d35a3	"invalid formation kind"
ui.literal.a014f413661acb16	"Palm Desert"
ui.literal.a050807b8fd520d4	"REPAIR"
ui.literal.a05c0da45243c021	": trailing data"
ui.literal.a05ebe19ff08b6fc	"RED"
ui.literal.a06a872c2a00ac91	"invalid unit placement in save"
ui.literal.a0a5fc0d8d8127ff	"runtime render action selection"
ui.literal.a0b40979152737e4	"override_map_size"
ui.literal.a0ba63f04e3be1d8	"missing Tribe scenario separator"
ui.literal.a0bc8eb4d76a3890	"interface"
ui.literal.a0f0bf0935f7ee0c	"fcntl nonblocking"
ui.literal.a0fe229baf0ca1a9	"Elite Chu Ko Nu"
ui.literal.a11c3d1796c18222	"gamedata_x1_p1.drs"
ui.literal.a12bd6cfc4235f36	"/opt/homebrew/opt/mpg123/lib/libmpg123.dylib"
ui.literal.a1533bc10fc73425	"anarchy"
ui.literal.a15752d0b1354719	" resign "
ui.literal.a1617ca730206d09	".sav"
ui.literal.a165362da54765e1	"subscription_closed"
ui.literal.a1a719cf0e101924	"RESIGNATION REJECTED"
ui.literal.a1bef191565434ca	"max_distance_to_other_zones"
ui.literal.a1c1f9d299d91005	"MATCH STATISTICS"
ui.literal.a1c75b08f58c8de6	"heavy camel"
ui.literal.a1c9661f86ec8e5c	"land_id"
ui.literal.a1dbffe8d32a358f	"SAVE FAILED: "
ui.literal.a1ef7a4d1ce45822	"%f%c"
ui.literal.a1ff1a2d06f1246a	"blast_furnace"
ui.literal.a2035ba9438c1277	"economy"
ui.literal.a22b3efeaa1af565	"launched 1v1 Arabia vs AI: %s, Dark Age, Conquest"
ui.literal.a2429b88a51bc725	"invalid object_hp condition"
ui.literal.a256232f38edbf57	"canonical_unit_animation_sets"
ui.literal.a25d858e909b9c3e	"invalid cpx2 filename length"
ui.literal.a26b1aa18b0e5fdd	"invalid commercial production identity in save"
ui.literal.a270c4735448d1e6	" OF "
ui.literal.a270def985ca0419	"duplicate transient effect identity"
ui.literal.a2919f18ff178202	",\"blueVillagers\":"
ui.literal.a29aac72c7dcd588	"building damage stage is outside 0..3"
ui.literal.a2aadb700b06aced	"WONDER COUNTDOWN"
ui.literal.a2b217f460339cc4	"invalid commercial research target in save"
ui.literal.a2c09b8053baa994	"British.mp3"
ui.literal.a2efd7ad7949206f	"DRS resource does not exist"
ui.literal.a2f281e6138aa29d	",\"redPopulation\":"
ui.literal.a2f6102003eca03b	"idle_units"
ui.literal.a2fffa754cf23671	"cannot load packaged campaign SLP background: %s"
ui.literal.a30068dcb17d42f2	"construct"
ui.literal.a30162861b160cbe	"object_hp references missing object"
ui.literal.a302fbe535de99a8	"Elite Longboat"
ui.literal.a307a1c2211f539f	"resign: missing commercial-player mapping"
ui.literal.a3176d11dec525af	",\"mappingBlocker\":"
ui.literal.a31db412567a6481	"ui.tab_close"
ui.literal.a3263dcbed1c8927	"IMPERIAL AGE"
ui.literal.a34241900ca67839	"\"shadow\":"
ui.literal.a365b950f9398822	"DEFENSIVE"
ui.literal.a385191ff0edbb1b	"road"
ui.literal.a395399bad0e1838	"G{garrison} V{volley}"
ui.literal.a39d2a9fc5e5fc03	"DRS table directory is truncated"
ui.literal.a3ad68c56115cfd1	"elevation table file has trailing bytes"
ui.literal.a3b2db6a1850e5dd	"Idle villager {index}/{count}"
ui.literal.a3b455caaeb50fb8	"mpg123_read"
ui.literal.a3bdd5447d5d1c00	"AOE_MULTIPLAYER_LOCAL_SLOT"
ui.literal.a3c206cf7da1e963	"healing state requires dedicated mapping"
ui.literal.a3c4d8d4b3c50fbb	",\"action_frame\":"
ui.literal.a3dc6bb9f3bf7665	"AOE_GAMEPLAY_TEST_API_DIR"
ui.literal.a3e033abe7552bf1	"truncated AI expression"
ui.literal.a3f15b6474c8aee2	"Chain Mail Armor"
ui.literal.a4041d1defdb97d4	"hud.mode_attack_move"
ui.literal.a418c918610d5521	"cannonball"
ui.literal.a42b30a24f9bf88d	" cannot be decoded: "
ui.literal.a430d84680aabd0b	"hello"
ui.literal.a437feb18c917d8a	"oversized embedded scenario bitmap pixels"
ui.literal.a4542072eb75361b	"runtime terrain-resource selection"
ui.literal.a47653a6e91cdd11	"bamboo"
ui.literal.a47ecfb77bb7abf0	",\"object_hit_points_available\":"
ui.literal.a4abc56184184554	"lockstep-config-fnv1a64:"
ui.literal.a4bca5d868d8d668	"requirement"
ui.literal.a4c34d26fdc8d9c7	"primary action: missing commercial-player mapping"
ui.literal.a4e5da5cb4c46d60	"Treadmill Crane"
ui.literal.a4f36690485cdaf9	"LOCK GATE"
ui.literal.a4fe6618e6cbd586	"palisade wall"
ui.literal.a51450ddc7f03282	"terrain_size"
ui.literal.a517f45de531f842	"chu ko nu"
ui.literal.a537daad86a6f067	"unsupported scenario semantics"
ui.literal.a550ffd45e45b595	"invalid raw-DEFLATE recorded header"
ui.literal.a5628faa7149f6a6	"{\"ok\":true,\"buildings\":["
ui.literal.a568e33c3c8ab94d	"Gold Shaft Mining"
ui.literal.a575c406589bda89	"PLAYERS"
ui.literal.a5b90e3a7416ed4c	"unknown match event family"
ui.literal.a5c14a7ba50d1151	"turn epoch mismatch"
ui.literal.a5c90867425feb95	"deer"
ui.literal.a5d3b9c70f6168ed	"classic_forest"
ui.literal.a5d60a40bd3dbe64	"240x240: giant original map preset."
ui.literal.a5e2e19b5edc2c5c	"PE has no resource directory"
ui.literal.a5ee48b1933abbc6	"UNDER CONSTRUCTION"
ui.literal.a60a90880b6b9d3b	"aoe/scenario_editor.hpp"
ui.literal.a63554e6bae0dc86	"HOTKEY REFERENCE"
ui.literal.a6474c6ecfc16d19	"MESSAGE LIMIT: 4096 UTF-8 BYTES"
ui.literal.a6538d733c1e7fb0	"plain terrain cannot contain resources"
ui.literal.a654f317e384d478	"cannot load packaged legacy localization: %s"
ui.literal.a66717deb5c74ea5	"invalid resource trigger condition"
ui.literal.a667bab5d962f559	"elite_cannon_galleon"
ui.literal.a67be116ee5a0b24	",\"bluePopulation\":"
ui.literal.a690ae51deaebfef	"campaign.title"
ui.literal.a6a51b1e2e4bc3c4	"-fnv1a64:"
ui.literal.a6b1f8e55794f14d	"{\"id\":\""
ui.literal.a6bf719a4602b0bc	"tracking"
ui.literal.a6cb0a30a14b883d	"cannot import campaign: "
ui.literal.a6ebd50cf53d18cf	"\"animation_frame\":"
ui.literal.a6ef723df12197e4	"invalid scenario trigger effect count in save"
ui.literal.a71e38764bfa7e91	"chat "
ui.literal.a726041a02575656	"]}}"
ui.literal.a73f7aed5d975f5e	"Blendomatic_x1.dat"
ui.literal.a746e4f760a30a79	"red civilization"
ui.literal.a746ec1d62ad9c92	"aoe/commercial_multiplayer_service.hpp"
ui.literal.a77255871b3d639e	"cannot persist minimap mode: %s"
ui.literal.a779355c8ca5c569	"screen_height"
ui.literal.a79439ef7bfa9c2d	"type"
ui.literal.a7947b21eccd0b2e	"MINIMAP: "
ui.literal.a7a8183df547c767	"message requires blue or red player"
ui.literal.a7a996316017a51c	"sell-resource"
ui.literal.a7acc855c648f886	",\"destination\":["
ui.literal.a7b6c72be89c1cf6	"battering_ram"
ui.literal.a7bad0f8297f32d6	"gold-amount"
ui.literal.a7d3531a02ea9268	"]  "
ui.literal.a7da5aaed8f1de9b	"canonical family-specific gate construction root selected"
ui.literal.a7dead1fc9d17d52	"unpaired JSON unicode surrogate"
ui.literal.a7e19e8fcb2729e0	",\"destination\":{\"x\":"
ui.literal.a80594109fcd651b	"petard_gate"
ui.literal.a80693b487f14624	"chain_barding_armor"
ui.literal.a827d1486e948bd1	"eagle warrior"
ui.literal.a836295f05f42900	"DAT graphic composition"
ui.literal.a8486a6e7c1d20a0	"scout_cavalry"
ui.literal.a874aa3d1342d31d	"SCENARIO "
ui.literal.a87c05116ab01fe4	"REPAIRING"
ui.literal.a8931be019c0c716	"invalid encoded lockstep command"
ui.literal.a894a50ae8ef080f	"INCOMPATIBLE REPLAY VERSION"
ui.literal.a89891003cf8c951	"invalid formation waypoint count in save"
ui.literal.a8a697b790fffb89	"war galley"
ui.literal.a8abe2c1f5c8651f	"Palisade Wall damage graphics have no drawable SLP; "
ui.literal.a90d8e147a45b91a	" carried="
ui.literal.a936ee3d0bb6ef93	"condition has an invalid inversion flag"
ui.literal.a9400099afc0c157	"REPLAY STARTED"
ui.literal.a94473d200a1f4e6	"elite huskarl"
ui.literal.a95e7cf716ff7e8d	"invalid resign record"
ui.literal.a984e6f5a9480cc1	"truncated UTF-16 string"
ui.literal.a98d5d01c3a3c945	"create_object outside objects_generation"
ui.literal.a9a349bf0bceec25	"unsupported header"
ui.literal.a9a95a0d962523ee	"elite_eagle_warrior"
ui.literal.a9ae4527965cc5fe	"control-ack"
ui.literal.a9b9aadd463b4d5e	"malformed save record: "
ui.literal.a9d8a8343054fcba	"HUMAN"
ui.literal.a9da5284be1ae275	"invalid classic scenario map dimensions"
ui.literal.a9e01b851d722bbb	"create_connect_all_players_land"
ui.literal.a9edeafddc8b717b	"aoe/legacy_sound_resolver.hpp"
ui.literal.a9ef49c7e1a9d8aa	"Red victory"
ui.literal.a9f651865ebd7876	",\"age\":"
ui.literal.aa045b2c8f2ff7d7	"Zealotry"
ui.literal.aa38aca481f528a8	"sequence"
ui.literal.aa49eb0794bd07f2	"unsupported PE optional header"
ui.literal.aa55cccabcc6fb05	" stop "
ui.literal.aa616bdfe454ecb3	"locked"
ui.literal.aa6db4fdfbe423ea	"APPLIED"
ui.literal.aa79579ed58ee5d2	"invalid single-player victory flag"
ui.literal.aa7b1678efe232a3	"fish"
ui.literal.aa82b28288f29885	"create_object"
ui.literal.aa89b7b663eaf6b6	"TIMELINE"
ui.literal.aa8a6404fc114697	",\"hostPublicKey\":"
ui.literal.aa91f6506e4821bb	"default_terrain_replacement"
ui.literal.aab5192c1acdce99	"RMS refused"
ui.literal.aab690af14a29f53	"crossbowman"
ui.literal.aabe362250e8c5ee	"guard"
ui.literal.aac25b357dc48441	"  OUTCOME "
ui.literal.aae5325367e0b901	",\"technology_research_target\":\""
ui.literal.aae8e1110b193c1a	",\"red_ready_id\":"
ui.literal.aafa86b5c731541f	"janissary"
ui.literal.ab0531832f18ad7c	"unit overlaps building footprint in save"
ui.literal.ab0f838079be085e	"republish_unavailable"
ui.literal.ab21aa1923a21a77	"mapped animated legacy graphic is absent"
ui.literal.ab2750c3438628c7	"malformed settings line"
ui.literal.ab47220855ea1b68	"HOST CONTROLS SPEED"
ui.literal.ab5013297d702700	"civilization "
ui.literal.ab5066297d70b409	"civilizations"
ui.literal.ab5fbbe64a3d2816	"Town Bell unit has invalid state"
ui.literal.ab7fcd9c836dff0f	"set_gaia_object_only"
ui.literal.ab86745acc4c792e	"GIANT"
ui.literal.ab915a77f44b7bef	"MESSAGE REJECTED: CHECK CONNECTION/UTF-8"
ui.literal.ab920393c91894d9	"remove-object effect is not one direct canonical selector"
ui.literal.ab96ea60d866afcb	"MAP SIGNAL SENT"
ui.literal.aba3fe8493702fa0	"invalid move selection count"
ui.literal.abb44e369e5abf81	",\"animationState\":\"flying\""
ui.literal.abc957683cd77ee7	"jaguar"
ui.literal.abca858f6c0b12d0	"loose game background has fewer than eight frames"
ui.literal.abd9d97f9538e76f	" text="
ui.literal.abdcfb061bbc1539	"diplomacy"
ui.literal.abe2670e780580c5	"Samurai"
ui.literal.abef20da27c3e5f4	"INVALID OPTIONS: "
ui.literal.abfb74e36e8895cf	"TECHNOLOGY"
ui.literal.ac0a063b460741bb	"AOE_CAMPAIGN_PROGRESS"
ui.literal.ac0a5af21d8017b8	"invalid entity owner"
ui.literal.ac19b75a37d3d46c	"transport ship"
ui.literal.ac3191c5ecc66e60	"linear"
ui.literal.ac48d16bc3a78155	"NO CLAIM OF COMMERCIAL MENU OR NETWORK COMPATIBILITY"
ui.literal.ac5412be80493327	"cartography"
ui.literal.ac5479344aa228ca	",\"sprite_frames\":["
ui.literal.ac75f238b391ddcd	"large_map"
ui.literal.ac811e87d535b7bd	",\"state_hash\":"
ui.literal.ac8256732f2ee1e5	"Data"
ui.literal.aca40a6bd9315e27	"elite tarkan"
ui.literal.acaa142b1c262e72	"/resources/browser-nostr-visual.scenario"
ui.literal.acaf304b8dc29533	"objective.failed"
ui.literal.acbd98d8978114fc	",\"required_direction_count\":"
ui.literal.acfb8bf6f27fb759	"aoe/initial_camera.hpp"
ui.literal.ad05c7c87228a877	"src/render_asset_coverage.cpp:"
ui.literal.ad1ddadd1e9b5412	"Bloodlines"
ui.literal.ad2d066948fa3b43	"hash "
ui.literal.ad448ff2cf625780	",\"text\":"
ui.literal.ad643f7a521eff93	"unsupported or corrupt replay file"
ui.literal.ad74efb1552517a2	"event content scope mismatch"
ui.literal.ad7c4031bacd1111	"queue-farm "
ui.literal.ad860a932d841166	"aoe/animation_contract.hpp"
ui.literal.ad9b9e3bacc5ceb5	"TCP peer closed during send"
ui.literal.adb0f5af510befe3	"snow_grass"
ui.literal.adc1388e24791943	"invalid trigger tribute"
ui.literal.adca00c75d9113c9	"truncated action"
ui.literal.adee7b97c644eda6	"Set a compatible allied trade endpoint."
ui.literal.adf5735b5aa1b12d	"},\"population\":"
ui.literal.adfa823084fcdc6d	"light cavalry"
ui.literal.adfbb9f2a20485f9	"hello_frame"
ui.literal.ae1f381e5f06bc04	"render_building:procedural_body"
ui.literal.ae3f7b3a6c6fb73e	"passive"
ui.literal.ae4898f35427e1a7	"MESSAGE CANCELLED"
ui.literal.ae4f7f86bfbbe55b	"unterminated start_random"
ui.literal.ae53c512310e3859	",\"resourceTargetInMap\":"
ui.literal.ae5f00a70d823202	"BACK"
ui.literal.ae81eb2358954bb5	"stone_cutting"
ui.literal.ae9953c754559595	"trebuchet"
ui.literal.aea998b3270ba0a3	"signal payload on non-signal frame"
ui.literal.aeb6aaecaf5f59cd	"Plate Barding Armor"
ui.literal.aedbffc8af21a567	"berries"
ui.literal.aeeb2c388af1cada	"world.volley_badge"
ui.literal.aefbb68d9824cee7	"diplomacy: missing commercial-player mapping"
ui.literal.af130742f98a1413	"lumber camp"
ui.literal.af1593da582e82ad	"oversized embedded scenario bitmap"
ui.literal.af1f52191db2bcc5	"stop"
ui.literal.af2341deeffffb39	"commercial object visibility is not native object existence"
ui.literal.af330e3168fc345b	"music_volume"
ui.literal.af491013c12a31b5	"wood_sell"
ui.literal.af50c4a34e7a6d17	",\"visible\":"
ui.literal.af582c6ff1720515	"cannon_galleon"
ui.literal.af59ae6efb2a3f58	"fire_ship"
ui.literal.af63984c86017900	"%"
ui.literal.af639a4c86017c66	"'"
ui.literal.af639d4c8601817f	" "
ui.literal.af639f4c860184e5	"\""
ui.literal.af63a04c86018698	"-"
ui.literal.af63a14c8601884b	","
ui.literal.af63a24c860189fe	"/"
ui.literal.af63a34c86018bb1	"."
ui.literal.af63a84c86019430	"5"
ui.literal.af63a94c860195e3	"4"
ui.literal.af63aa4c86019796	"7"
ui.literal.af63ab4c86019949	"6"
ui.literal.af63ac4c86019afc	"1"
ui.literal.af63ad4c86019caf	"0"
ui.literal.af63ae4c86019e62	"3"
ui.literal.af63af4c8601a015	"2"
ui.literal.af63b04c8601a1c8	"="
ui.literal.af63b14c8601a37b	"<"
ui.literal.af63b34c8601a6e1	">"
ui.literal.af63b44c8601a894	"9"
ui.literal.af63b54c8601aa47	"8"
ui.literal.af63b74c8601adad	":"
ui.literal.af63d84c8601e5c0	"e"
ui.literal.af63d94c8601e773	"d"
ui.literal.af63e04c8601f358	"m"
ui.literal.af63e94c860202a3	"t"
ui.literal.af63eb4c86020609	"v"
ui.literal.af63ed4c8602096f	"p"
ui.literal.af63f04c86020e88	"}"
ui.literal.af63f44c86021554	"y"
ui.literal.af63f54c86021707	"x"
ui.literal.af63f64c860218ba	"{"
ui.literal.af63f74c86021a6d	"z"
ui.literal.af63f84c86021c20	"E"
ui.literal.af63f94c86021dd3	"D"
ui.literal.af63fa4c86021f86	"G"
ui.literal.af63fb4c86022139	"F"
ui.literal.af63fc4c860222ec	"A"
ui.literal.af63fe4c86022652	"C"
ui.literal.af63ff4c86022805	"B"
ui.literal.af64004c860229b8	"M"
ui.literal.af64014c86022b6b	"L"
ui.literal.af64024c86022d1e	"O"
ui.literal.af64034c86022ed1	"N"
ui.literal.af64044c86023084	"I"
ui.literal.af64054c86023237	"H"
ui.literal.af64064c860233ea	"K"
ui.literal.af64074c8602359d	"J"
ui.literal.af64084c86023750	"U"
ui.literal.af64094c86023903	"T"
ui.literal.af640a4c86023ab6	"W"
ui.literal.af640b4c86023c69	"V"
ui.literal.af640c4c86023e1c	"Q"
ui.literal.af640d4c86023fcf	"P"
ui.literal.af640e4c86024182	"S"
ui.literal.af640f4c86024335	"R"
ui.literal.af64104c860244e8	"]"
ui.literal.af64124c8602484e	"_"
ui.literal.af64144c86024bb4	"Y"
ui.literal.af64154c86024d67	"X"
ui.literal.af64164c86024f1a	"["
ui.literal.af64174c860250cd	"Z"
ui.literal.af6a737d271fc556	"building cannot be selected"
ui.literal.af73871c9408e480	"SLP row has wrong pixel count"
ui.literal.af801e7e2ec7209f	"Guard Tower"
ui.literal.afada3910d9e80a0	"selected building death asset did not render: "
ui.literal.afb060081abde48a	"\"random map generation failed\"}"
ui.literal.afb6d9fff267fb12	"name "
ui.literal.afec46c5026fd993	"terrain.bmp"
ui.literal.aff583f5648d0952	"music_volume="
ui.literal.aff8bb7d61a6eb9c	"invalid tribute record"
ui.literal.b00559d3993b3351	"elite_berserk"
ui.literal.b03211b92bbfd058	"NEUTRAL"
ui.literal.b038d7cc8286f3c7	"Imperial Age"
ui.literal.b03da7bd1a922795	"terrain texture sampling=%s"
ui.literal.b068cc66c12c46e3	"indexed terrain contains an empty SLP row"
ui.literal.b06d23765a639b83	"empty recorded-game version"
ui.literal.b090179be5df2d94	"AOE_MULTIPLAYER_AUTO_START"
ui.literal.b0966c7024b596a3	"invalid match event: "
ui.literal.b0a84347889f8f66	"RETURNING RELIC"
ui.literal.b0a85802d5546c68	"WOOD"
ui.literal.b0c29e890a8427e8	"diplomacy.neutral"
ui.literal.b0e0fe5d50e5a5bf	"TECH TREE"
ui.literal.b104634b5cd8567f	"Snow Forest"
ui.literal.b105635ff1394314	"READY"
ui.literal.b107c97d72014cd3	"GOLD"
ui.literal.b1107c82b9ee372a	"duplicate roster rules in save"
ui.literal.b11e8b146c5a21d8	"queue"
ui.literal.b138769a1af3a55d	"attack"
ui.literal.b141d58ba3a55f64	",\"selection_overlay\":"
ui.literal.b1480e700fcb96a7	"turtle ship"
ui.literal.b14b464367e71ccc	",\"epoch\":"
ui.literal.b16cbfe9f0443ae3	"stop: missing entity mapping for "
ui.literal.b171e34fcfe67c5c	"FAST PROPOSED; WAITING PEER ACK"
ui.literal.b181f8690b07f1f1	"open.mp3"
ui.literal.b187028e3c186b30	",\"frame_median_ms\":"
ui.literal.b18d4f9b9cee597b	"conversion requires live VER 5.7 DAT"
ui.literal.b1923a1b7df3150f	"hud.carry"
ui.literal.b1aa3177ea81a5e9	"capacity"
ui.literal.b1b9e2161ac4dd52	"Mameluke"
ui.literal.b1c42ee47fb59905	" ENTRIES"
ui.literal.b1e5e28e4479a274	"count"
ui.literal.b1e5f71213c53b6b	"ai.debug_forces"
ui.literal.b1f0758c5496caae	"Leather Archer Armor"
ui.literal.b20e7516b8ee2269	"huskarl"
ui.literal.b22ed3cda1140b6b	"V  FOG DISPLAY: "
ui.literal.b2436f70cdc137e6	"building resolver received non-building category"
ui.literal.b257472aa2a04bcd	"French.mp3"
ui.literal.b2581107e8759bea	"Stone Shaft Mining"
ui.literal.b25bed5a1c8f718d	"trigger string has embedded NUL"
ui.literal.b268614d85eda663	"relays"
ui.literal.b271b47d519d8cb4	"turn rejected"
ui.literal.b2760602600d2183	"aoe/legacy_scenario.hpp"
ui.literal.b27cf90ae511390a	"fish_deep"
ui.literal.b27dbf55598eb44e	"F12 / ESC CLOSE"
ui.literal.b28f353c0a8c988e	"using original terrain.drs SLP 15002 water frames: %zu"
ui.literal.b2b305d0ac7e7a13	"IDLE"
ui.literal.b2b41998fa3bfff5	"protocol"
ui.literal.b2ced13c51a217e0	"Elite Jaguar Warrior"
ui.literal.b2e8181c1d842deb	"state_hash"
ui.literal.b2f49b838d658550	"CONVERTING"
ui.literal.b2f7d165fc6972ab	"canonical resource depletion frame selected"
ui.literal.b318c6afc4759a0e	"invalid trigger effect count"
ui.literal.b3198c43758d7c5d	"elite_longboat"
ui.literal.b3465fe9c3830855	"DRS file entry is invalid"
ui.literal.b37cef30b63def21	"terrain_generation"
ui.literal.b37fc95078cd9cd2	"invalid native roster in save"
ui.literal.b381fc3206ab96a5	"language_file="
ui.literal.b38abb5d6bb55968	"120x120: standard size for a 1v1 match."
ui.literal.b391fa701119a441	"cavalry_archer"
ui.literal.b3c83bee175603e6	"aoe-lockstep"
ui.literal.b3d2d068a9765091	"runtime projectile and impact selection"
ui.literal.b3d99baaa64ab36b	"cannot read complete recorded game"
ui.literal.b3de54adb1bcedd5	"checkpoint barrier roster mismatch"
ui.literal.b3eaac86c3b355fc	"CURRENT SCORE"
ui.literal.b3fa0edc24560b5f	"teutonic knight"
ui.literal.b40991a4cff827b1	"BLUE HOUSE"
ui.literal.b40e052a1838431a	",\"mapped_commercial_object_ids\":"
ui.literal.b442bcde297a590f	"trigger references missing unit"
ui.literal.b448a236f6cd4555	"CLASSIC RMS"
ui.literal.b45dc674a794880b	"Train "
ui.literal.b47434e628601228	"woad_raider"
ui.literal.b49e8bada909c015	"subscription_error"
ui.literal.b4bbcd0be6426cc0	"end_random"
ui.literal.b4bd0cb3d09ceecb	"invalid computer player state"
ui.literal.b4dbfd7aa8bdf088	"palisade gate (NE-SW)"
ui.literal.b4dc903eef6e42f9	"grass_snow"
ui.literal.b4f62e617c584752	"UNLOAD"
ui.literal.b511b3b836cc9f12	"output-scale=%d row=%d,%d,%d,%d"
ui.literal.b51536038f1bd90f	"COLLECTING"
ui.literal.b51649035777402d	" target="
ui.literal.b52b469ecdc3da35	"invalid build record"
ui.literal.b571c404c5b2fd35	"resource"
ui.literal.b5736d577186cf11	"\",\"x\":"
ui.literal.b57b231604b6bbf6	"generic splash projectile has explicit procedural renderer"
ui.literal.b57dfd21a2ba6bcc	"terminal lockstep status "
ui.literal.b5860349fa0c4602	"resource_amount"
ui.literal.b58996906c5c62e3	"Taunt"
ui.literal.b5acd4bb09c27b9d	",\"blue_ready_id\":"
ui.literal.b5c9df8c39f9d0b9	"GARRISON ORDERED"
ui.literal.b5cf55321fe87a48	"unsupported Genie scenario format version '"
ui.literal.b5e526602d6c449f	"PROOF ENTER"
ui.literal.b5f38aa8783e6757	"palm_desert"
ui.literal.b5fae2c14238b978	"false"
ui.literal.b61c648332b0e166	"invalid commercial unit identity in save"
ui.literal.b64ab49e9ae6d588	"red slot"
ui.literal.b655921307fe40e3	"observed_relay_count"
ui.literal.b67206a46398ee78	"frontend.main.options"
ui.literal.b679740dac8539d1	"cannot read complete campaign file"
ui.literal.b67b63a9cc4b4638	",\"ownership\":"
ui.literal.b689772de648398e	"elite_mameluke"
ui.literal.b6d2c3ea1f3c92c7	",\"cache\":"
ui.literal.b6e268fd05dcd845	"unknown save record: "
ui.literal.b6e4dca62a003cc1	"create-object effect has unmapped object/player/location"
ui.literal.b6fbf5ba11b4f989	"Fast Fire Ship"
ui.literal.b702edc59c8e59e3	",\"tags\":["
ui.literal.b70d089f9d337247	"../Resources/game_data"
ui.literal.b713dae00101667f	"\"moving\":"
ui.literal.b71ccb1e67448af0	"create_unit"
ui.literal.b71ef84f19cd3000	" resource_amount "
ui.literal.b728f21ed75652ce	"mining camp"
ui.literal.b72b92464e3a94d2	"create_player_lands"
ui.literal.b730f1a69e3b6b11	"commercial-tech-disabled"
ui.literal.b73b25f9310ab257	"heated_shot"
ui.literal.b743a80b13938783	"area condition has unmapped selectors or bounds"
ui.literal.b74bcb43f0783e3a	"PRODUCTION"
ui.literal.b74de89c42e2ceb2	",\"palette_player\":"
ui.literal.b75acf7d54747d2b	"postgame-restart"
ui.literal.b76d6bcbe0c20b11	"unknown unit"
ui.literal.b78893081e833904	"MESSAGE"
ui.literal.b7c0364e41d1d1ef	"unknown building"
ui.literal.b7ce9161987af770	"WALL SEGMENT "
ui.literal.b7ed7f5fed73e0de	"missing routed multi-peer signal"
ui.literal.b7edbffc41d0c27b	"HOTKEY CONFLICT"
ui.literal.b7fe4f8d23165504	",\"redAckEventId\":"
ui.literal.b8028de923640f14	"Do not acquire or attack enemies."
ui.literal.b8105ff400e00e2f	"AOE_MULTIPLAYER_SCENARIO_DIGEST"
ui.literal.b8421e85ddbf2993	"aztecs"
ui.literal.b8484c4eaf3e7f77	"missing_player_variant"
ui.literal.b855529cb6a82792	"snow_foundation"
ui.literal.b86855c97c92eaa5	"replace_terrain"
ui.literal.b898bce8454f44f3	"LOCKED"
ui.literal.b8a4105ee9847017	"OPEN SLOT"
ui.literal.b8c8ccdd6f23136f	"invalid remove_object trigger effect"
ui.literal.b8cfb87af731bdda	"invalid republication result"
ui.literal.b8df4b0108dfdf7c	"Byzantin.mp3"
ui.literal.b8f6c1e92fd87ffe	",\"productionQueueSize\":"
ui.literal.b9077d821a47b757	"tf6.wav"
ui.literal.b932b87bebd2a5f5	"invalid Mayan resource remainder in save"
ui.literal.b93d16c352c0ae91	"aoe/fog_rendering_contract.hpp"
ui.literal.b9423abf4d911999	"guard_unit"
ui.literal.b957bff811a626fd	",\"unsupported_objects\":"
ui.literal.b965d5dc0b2ab8bc	",\"selectionOverlay\":null"
ui.literal.b976a9bf54858fa0	"rally_x"
ui.literal.b976aabf54859153	"rally_y"
ui.literal.b97b9e605818bd4c	",\"translated_effects\":"
ui.literal.b97d0f950dfde97b	"FORMATION BUTTON DISABLED IN MULTIPLAYER"
ui.literal.b981559008d32bdf	"multiplayer checkpoint digest mismatch"
ui.literal.b9833a21c88b84b5	"   MAP "
ui.literal.b9842ae2b6158e43	"ATTACKING"
ui.literal.b9963af9e67f784a	"0100"
ui.literal.b9b6d4224f24cd2a	"LOADED: "
ui.literal.b9bae9050fe7c02f	"TCP frame send queue exceeded"
ui.literal.b9c52947f18d02f4	"input delay"
ui.literal.b9d646fb206473f1	"invalid terminal result"
ui.literal.b9da81511489b321	"\"upgrade_variant\":"
ui.literal.b9f5caeac1face7f	"Janissary"
ui.literal.b9faef8a3c725b77	"GUARD MODE: right click friendly unit or building"
ui.literal.ba0f168471813c1c	"GREEN"
ui.literal.ba10ef380ebdb58f	"min_distance_group_placement"
ui.literal.ba4277717be252d4	"SCRIPTED BARRIER REQUESTED"
ui.literal.ba6001fd73fd1dfb	"canonical_wonder_composite_sets"
ui.literal.ba614b89d29a8ebe	"multiplayer checkpoint roster mismatch"
ui.literal.ba65b7af3f54d931	"missing or malformed setting"
ui.literal.ba68185a168431f7	"Scale Barding Armor"
ui.literal.ba72f78cd9ccc025	"scenario digest"
ui.literal.ba92c36b7e5c9cb3	"regroup"
ui.literal.ba9a3f2011d1553b	"terrain transition dimensions do not match"
ui.literal.baa758a3dfea63e1	" carried_kind="
ui.literal.baab97cd20ef84bf	"deep_water"
ui.literal.baabc0e21e0fc6f0	"palisade gate (NW-SE)"
ui.literal.baae5d48a5a86d64	"team "
ui.literal.baaed08519ddfcd3	"using packaged scenario background from %s"
ui.literal.bacf52c5992e3f9d	"src/render_asset_coverage.cpp:canonical_unit_animation_sets"
ui.literal.bad9bd4f26f5f877	"hand_cart"
ui.literal.baec4a7f3aebb79d	"EASIEST"
ui.literal.baf74b3ef09119ba	"aoe/settings.hpp"
ui.literal.bb0b9f763462692c	"formation"
ui.literal.bb191683f866d53b	"AOE-ARCHAEOLOGY-SAVE"
ui.literal.bb2d6753fedcbca8	"elite longboat"
ui.literal.bb2dfba73eaf5d12	".tmp"
ui.literal.bb3074045f479d83	"MAP SIGNAL"
ui.literal.bb382718b2e3d527	"live DAT unit 199 + canonical procedural Fish Trap renderer"
ui.literal.bb66af2f9a27a674	"{count} ENTRIES"
ui.literal.bb66f98b6a10ab08	"TcpFrameStream requires a Windows socket implementation"
ui.literal.bb72ffd3eeae4896	"missing_mapping"
ui.literal.bb86e3f8d731851a	"parthian_tactics"
ui.literal.bbb1255a1ec26048	"Resume a saved single-player game."
ui.literal.bbc682d347a0edf5	"invalid commercial projectile"
ui.literal.bbd06d6949348160	"{count} ENTRY"
ui.literal.bbd6d01629b070de	"frontend.main.history"
ui.literal.bbf14a1f5ffd273e	"Protect your king and defeat every enemy king."
ui.literal.bc00502f43b18da1	",\"gold\":"
ui.literal.bc314257ef661407	"PROTOCOL: "
ui.literal.bc33ec94fb69f617	"frontend.main.learn_to_play"
ui.literal.bc385439b1b0fb23	"audience"
ui.literal.bc38e52838423376	"statistics.technology"
ui.literal.bc39ea9c78eec9a9	"AOE_SCREENSHOT_BUILD_FISH_TRAP"
ui.literal.bc45e47af0f02f57	"HOTKEY CHANGED"
ui.literal.bc46218ee6d6dab7	",\"commercial_object_id\":"
ui.literal.bc4f7d7ce99f8081	"resign"
ui.literal.bc59e3980ccf3036	"\"metadata\":{\"entity_id\":"
ui.literal.bc5a0abf023dfb2c	"STATE HASH: "
ui.literal.bc88afc5efcf7fc6	"unterminated block"
ui.literal.bc956e2b8ceb7801	",\"h\":"
ui.literal.bc9b577e6c90b785	"commercial-task "
ui.literal.bca2dc7e0f04c1f6	"ARROWS CURSOR ENTER APPLY  P PLAYER A AGE C CIV [/] RES D DIPLOMACY R RULE"
ui.literal.bca81929d685c1b6	",\"resourceTargetKind\":\""
ui.literal.bcb89a16c858d6b6	"invalid RT_STRING data entry"
ui.literal.bccc6d9a39a8eca0	"invalid stance"
ui.literal.bcf56bf13a0856fd	"advance"
ui.literal.bd22186f3805dc09	"Jaguar Warrior"
ui.literal.bd3f43cf493c590f	"unsupported body tail prevents a complete action stream"
ui.literal.bd5e24e2f4b2ac1a	"train command rejected"
ui.literal.bd76100bd58c9c0d	"select"
ui.literal.bd7de304af182ad5	"BUILD MODE: right click nearby tile   Esc quit"
ui.literal.bd7e82108b49b276	"checkpoint transfer mismatch"
ui.literal.bd8fe71aedd3cede	"unknown player "
ui.literal.bdad79528d99b697	"invalid campaign index padding"
ui.literal.bdb2555fd9018057	"border_fuzziness"
ui.literal.bdba28b702dd2594	"snowpinetree"
ui.literal.bdbcbd6ffbe39b04	"technology_tree.title"
ui.literal.bdc6b4a9434ed149	"unknown classic SLP command"
ui.literal.bdc89a3c9a7ed053	"ring_archer_armor"
ui.literal.bdcc79ff40dac71b	"144x144: more room for a longer 1v1 match."
ui.literal.bdcfa5440549cb4c	"Group {group}: building #{building}"
ui.literal.bdd1212883079433	"stone_sell"
ui.literal.bddb4f862275181a	"scenario diplomacy matrix is incomplete"
ui.literal.bddc09fc7e561d2a	" TICK "
ui.literal.bddc38fc7e566d07	" TICKS"
ui.literal.bdef2b1600bf0336	"CAMPAIGN COMPLETE"
ui.literal.be170e1e14d9ca76	",\"presentationTimeMs\":"
ui.literal.be31498aab023776	"Archery Range:"
ui.literal.be38c06491070145	"second_object"
ui.literal.be3cbf7cc8cc4b48	"aoe/projectile_catalog.hpp"
ui.literal.be51b4d280c6ac5e	"{\"frames\":"
ui.literal.be69435e1e89fd33	" unconvertible"
ui.literal.be768982f7f2af60	"invalid player state in save"
ui.literal.be7898bf4c4eeaad	"enter"
ui.literal.be7a78651d2b97f2	",\"lobbyEventId\":"
ui.literal.be7fd92f83fb6cf4	".tmp."
ui.literal.be87586998c08412	"Follow a friendly unit."
ui.literal.be89e583da71b7cd	"\"damage_stage\":"
ui.literal.be93987e5d4882e6	"mpg123_init"
ui.literal.be9b64dd1045b398	"CONVERT"
ui.literal.bea0a0b3aaf472e8	"aoe/multiplayer_checkpoint.hpp"
ui.literal.beaa0fdfa95765e7	"invalid UTF-8 text"
ui.literal.beb9fd4907ca9256	"CORRUPT CAMPAIGN: "
ui.literal.bedea9c50a3a92cb	"terrain.drs"
ui.literal.bee13b7fdef25c8e	"cannot open language file"
ui.literal.bee535fbd2e4bf8f	"regicide"
ui.literal.bee6c218e89c95b4	"mpg123_exit"
ui.literal.bef1fe9cd687a28d	"PLAYER RESOURCES CHANGED"
ui.literal.beffb7bad50147be	"minimap_mode"
ui.literal.bf09e2a02c6d6732	"Fullscreen roundtrip entered=%d left=%d live=%d window=%dx%d"
ui.literal.bf13b772d2e52f7d	" id="
ui.literal.bf17e521a7b4a912	"T CHAT ALL   Y CHAT ALLIES   F10/ESC CLOSE"
ui.literal.bf279a6f4b4cf3c0	"building overlay failed: "
ui.literal.bf30e00dc53307a9	"ping"
ui.literal.bf4ba5ad694f5907	"line"
ui.literal.bf6131cd58cc9d9c	"Chinese.mp3"
ui.literal.bf6a03a9d0a1840b	"multiplayer"
ui.literal.bf88fe9777e9e759	"quicksave"
ui.literal.bf9b90bd42a3f413	"Create and edit a scenario."
ui.literal.bfac386349d50f0b	"decoded metadata differs"
ui.literal.bfebe3c39a3fac59	"nearest"
ui.literal.bff663e24329d05e	"AOE_SHEEP_CLICK_PROOF"
ui.literal.bffdfe2a93e98641	"terrain count"
ui.literal.c019c282fb888b90	",\"construction_body_graphic_id\":"
ui.literal.c01ec6e5afd0281d	",\"moving\":"
ui.literal.c01ff332a22ff62b	"wood-amount"
ui.literal.c0236397c38809c7	"hussar"
ui.literal.c02e320e1ef6d266	"libmpg123.dylib"
ui.literal.c03b6670cc5b3d11	"AOE_RANDOM_MAP_SETUP"
ui.literal.c05753dc2885b27e	"spacing"
ui.literal.c073d5b0d7f4799e	"\"entity_id\":"
ui.literal.c0c4875397cee782	"tf1.wav"
ui.literal.c0c78b420e35c33e	"Japanese.mp3"
ui.literal.c0d4949d52639c25	"create_elevation"
ui.literal.c0f986a96ddeac83	",\"construction_body_slp_id\":"
ui.literal.c0fd54fbe7e79845	"scout"
ui.literal.c140372fe7b25f61	"trigger removes missing object"
ui.literal.c14995b990ad232a	"scenario-trigger "
ui.literal.c14b71241a473a7a	"\",\"expectedSourceMapping\":\""
ui.literal.c185ca7fa5546587	"aoe-reconstruction"
ui.literal.c198eae4b3ad0746	"champion"
ui.literal.c1a58783aa686cb9	"projectile resolver received unsupported object category"
ui.literal.c1a8a3f8ea522e90	"converting"
ui.literal.c1ba3797af27b62d	"RMS exceeds nesting limit"
ui.literal.c1be568e16786d20	"speed "
ui.literal.c1c217aca110dd52	"unsupported trigger-system version"
ui.literal.c1d9e81ca68aa167	",\"color\":["
ui.literal.c1da230627c9561b	"fortified gate (NW-SE)"
ui.literal.c1f4ba246d96d351	"could not replace settings file atomically"
ui.literal.c1fbc6e51e07d45f	"slot name must use 1-32 letters, digits, '-' or '_'"
ui.literal.c20b6221557a7e17	"campaign-id"
ui.literal.c213fc095c691645	"CLOSED"
ui.literal.c214147ea3b2c8c3	"conflicting start commits"
ui.literal.c22029d6ea6d5326	"AOE_STATISTICS_POSTGAME_PROOF"
ui.literal.c22426a758ec3cbc	"elite throwing axeman"
ui.literal.c2248abd64554240	"elite jaguar warrior"
ui.literal.c229e3c5cbdb3d4b	"No idle military"
ui.literal.c2347b0c341639aa	"hand_cannoneer_gate"
ui.literal.c23738d22fc3473a	"browser-autosave.txt"
ui.literal.c23935a4fffd575a	",\"formationAnchorY\":"
ui.literal.c249ec63961e0241	",\"formationSlot\":{\"x\":"
ui.literal.c25430a7424e740d	".wav"
ui.literal.c27cdc4e073e23fb	"optional terrain.drs textures unavailable: %s"
ui.literal.c2819a159a6bf2db	"density=%.2f world-height=%d"
ui.literal.c2a4acff061e4d56	"truncated campaign header"
ui.literal.c2a9bb198cfa69f6	"blue civilization"
ui.literal.c2b979d248bef165	"  CLICK TO VIEW"
ui.literal.c2bde0ec2f6e7410	"elite_cataphract"
ui.literal.c2ca1e961e668329	"checkpoint transfer timed out"
ui.literal.c2d385c265b89599	"BUILD "
ui.literal.c2dc1b4109540589	"hud.match_complete"
ui.literal.c2ec1d98ee22f655	"aoe/game_rules.hpp"
ui.literal.c2ef91c1ba03fbff	"AOE_MULTIPLAYER"
ui.literal.c2f75a537ec6119a	"buy-resource"
ui.literal.c2f77a2de40b6d6a	"effect order is not a nonempty permutation"
ui.literal.c3113c0c90f6d138	"cannot reopen legacy asset archive"
ui.literal.c32132af9ef88439	"fonts"
ui.literal.c32e0758c1d53fc6	"Illumination"
ui.literal.c343bd95c22152eb	"scroll_speed="
ui.literal.c3517c4ac8ebe97c	"Paladin"
ui.literal.c3576005474072e4	"AOE_SCREENSHOT_COMMAND_TILE"
ui.literal.c36b258bc9090f09	"invalid control acknowledgement"
ui.literal.c36b8f92b03b8293	"AOE_CAMPAIGN_STATUS_VISIBLE"
ui.literal.c36e5c2c9d4443a8	"\"composite\":"
ui.literal.c370f6c47b02ec52	"Spread selected units into a staggered formation."
ui.literal.c370ffeaffb5eced	"hud.stone"
ui.literal.c376f5a55ab0e432	"Elite Berserk"
ui.literal.c37a7217ce848c47	" 0 "
ui.literal.c37dd817ce876f70	" / "
ui.literal.c37dee724469345a	"waypoint"
ui.literal.c381c83380264499	"transient-effect-sequence"
ui.literal.c3a4166abd471891	"invalid scenario roster"
ui.literal.c3a443a77dcd7a11	"unhandled render object category"
ui.literal.c3a4e73c92798858	"roster-rules"
ui.literal.c3a567a15d3e4203	"SLOT: "
ui.literal.c3b0bb17ceb297c2	"  ["
ui.literal.c3b0d217ceb2bed7	"   "
ui.literal.c3bfe3a4fe4c13f6	"match"
ui.literal.c3c14dab99b24c26	",\"draw_order\":"
ui.literal.c3c3af8aebe85ac2	"spearman"
ui.literal.c3d23c4e658e661f	"pinetree"
ui.literal.c3e432b912d704ac	"remove_object references missing object"
ui.literal.c3fa6a1754a47ac1	"patrol "
ui.literal.c3faf9ccd3c71dd6	"invalid lockstep signal frame"
ui.literal.c409669897de1716	"unknown localized audio category"
ui.literal.c4113383b999127d	"min_length_of_cliff"
ui.literal.c411532481c72c85	"STOP"
ui.literal.c411ef59ec837103	"padded_archer_armor"
ui.literal.c4345ee448d3945f	"Create or join a supported multiplayer game."
ui.literal.c44d190c98761ca2	",\"physicalFrameCount\":"
ui.literal.c45ff49b9b630598	"cannot load statistics SLP %d frame %zu: %s"
ui.literal.c468ca627659cce8	"UNLOCK GATE"
ui.literal.c472361044d841d0	"TRIGGERS"
ui.literal.c47ba7e79c65ea73	"RIGHT CLICK ALLIED TRADE ENDPOINT"
ui.literal.c493a4612097d97b	"diplomacy "
ui.literal.c49f6646537861df	"remove_object "
ui.literal.c4bcadba8e631b86	"name"
ui.literal.c4cba0fad85e72f6	"projectile directional transform is explicitly unproved"
ui.literal.c4d09987ef971f2d	"AOE_RMS_PATH"
ui.literal.c4d55e8024a2e05a	"invalid publish result: "
ui.literal.c4d5696d6cc12c2f	"status"
ui.literal.c4e83553d8400107	"aoe/legacy_ai_script.hpp"
ui.literal.c5321428221313b8	"commercial-tech-time "
ui.literal.c533cf7f8d0eccde	"Iron Casting"
ui.literal.c53df994b4628890	"unit-type-count"
ui.literal.c56c401493f118eb	"xtown.mp3"
ui.literal.c56e1415b4f56d67	"water_deep"
ui.literal.c56f816546bbff9c	"truncated recorded-game version"
ui.literal.c5867572097c9dd8	"trade_cart"
ui.literal.c5899b0a014fb46b	"trigger order table is not a permutation"
ui.literal.c592307ea80f16b9	"Unknown"
ui.literal.c59d14d1150932c7	"elite_mangudai"
ui.literal.c5a973549b5250e3	"LEGACY INSPECT-ONLY"
ui.literal.c5ccd29bc2dda64d	"blue"
ui.literal.c5ffeabde46eecf6	"pikeman"
ui.literal.c60149f1c1a8880c	"AOE_AUDIO_PROOF_CONTEXT"
ui.literal.c61a6c84a94673d1	"Longboat"
ui.literal.c61bb430fb783f69	"AGGRESSIVE"
ui.literal.c625f94e847f1567	"invalid JSON unicode surrogate"
ui.literal.c62928d544bbdb1e	"invalid building kind in save"
ui.literal.c639396ad31825a3	"train requires building id and unit kind"
ui.literal.c65e388664649319	"Ballistics"
ui.literal.c65e3d9c97b69b6c	"RUNNING"
ui.literal.c674c61426ff033c	"aoe/format_versions.hpp"
ui.literal.c67e817cc85e75b0	"cannot write complete campaign file"
ui.literal.c68690db7ca45265	"invalid garrison in save"
ui.literal.c6ae70a807f4d205	"chemistry"
ui.literal.c6b4efa96e2df760	"supremacy"
ui.literal.c6c624a983325d00	"AOE_CAMERA_ZOOM"
ui.literal.c6cb54db5584847c	",\"blueAckObserved\":"
ui.literal.c6db6ff8719c6987	"HD farm terrain textures selected"
ui.literal.c6e193879e101410	"AOE_SCREENSHOT_ATTACK_GROUND"
ui.literal.c6e2f5b5a9d7427c	"knight"
ui.literal.c6f503e564a4e067	"cannot write screenshot"
ui.literal.c6f687295cee373e	"cannot load original HUD %s: %s"
ui.literal.c71ccddd8333e501	"  COMMANDS "
ui.literal.c71ec3bfe17caaf6	"invalid research trigger effect"
ui.literal.c73f3f34aaf5b079	"stone-amount"
ui.literal.c74628d1f7c5309b	"longbowman"
ui.literal.c7494d5f2b03d2f4	",\"camera_y\":"
ui.literal.c74b080737008426	"Champion"
ui.literal.c74b4eaaf6803acb	",\"hello_frame\":"
ui.literal.c764acfa71b384de	"generic impact has explicit procedural renderer"
ui.literal.c7781d19ba3e3ab4	"Reconstruction lobby; no claim of original wire compatibility."
ui.literal.c797869c2f4c63bb	"lockstep requires blue or red player"
ui.literal.c7cd137d5a5f790b	"unknown building kind"
ui.literal.c7ee15e2f19d65b7	"war_elephant"
ui.literal.c7f91d9a1a6349bb	"EDIT APPLIED; UNSAVED"
ui.literal.c7fb35ce614d9de6	"canonical runtime gather fallback"
ui.literal.c804c7d12f874156	"nonblocking receive"
ui.literal.c82055d8a19327c8	"OVERWRITE? PRESS ENTER AGAIN; ESC CANCEL"
ui.literal.c822a4be61833c14	"Keep this gate closed to every player."
ui.literal.c8325b3b7ebe0583	"AOE_RENDER_FALLBACK_REPORT"
ui.literal.c833f57acea3b3cc	"canonical_building_direct_slp_sets"
ui.literal.c837590cce2b9f9b	"canonical unit record has no asset for selected action"
ui.literal.c859f77ff164674f	"resource blue food >= 300"
ui.literal.c863319e6d9ccf3e	"temp_min_distance_group_placement"
ui.literal.c874caaf11df31f8	"classic Genie header, player/options section boundaries, and "
ui.literal.c89f0cabee39af0b	"Ignoring malformed AOE_CAMERA_TILE: %s"
ui.literal.c8b0d316f7b19d8f	"cannot open blendomatic.dat"
ui.literal.c8bdfd15cb49e224	"RUNNING "
ui.literal.c8e32bfbed76a9a8	"backfill_open"
ui.literal.c8e4da4663f506ab	"road2"
ui.literal.c8ea493715ad9bdd	"Man-at-Arms"
ui.literal.c8f31246af8d829f	"checkpoint"
ui.literal.c8f3d0d017593e74	"ENTER: TYPE MESSAGE"
ui.literal.c8f7c67b952fb2ff	"special action requires dedicated canonical mapping"
ui.literal.c8f858ff6b51c016	"cannot complete checkpoint barrier"
ui.literal.c8ffb7063463dab0	"AI rule limit"
ui.literal.c90a58faa570749a	"configured-localhost-roster-v2"
ui.literal.c90bd3e55d8e504e	"Learn the basics of commanding an empire."
ui.literal.c91de2c43885ff6f	"SLP frame table is truncated"
ui.literal.c92c21b10168586e	"throwing_axeman"
ui.literal.c93dd05f7654da13	"ungarrison"
ui.literal.c950daec79730415	"UNITS KILLED"
ui.literal.c954ce1647ff5bac	"advance requires 0..10000 ticks"
ui.literal.c9598101984ad5ed	"PAUSE"
ui.literal.c96472e6a28490df	"destroy-object condition references an object without a "
ui.literal.c9704a47b4eecb61	"onager_volley"
ui.literal.c970c230c60bf9ec	"hotkey values must be positive"
ui.literal.c970c64c4344870d	"statistics.continue"
ui.literal.c973fead0481b104	"minimap"
ui.literal.c97a77eb77c28af8	"resource_delta"
ui.literal.c987ffd8938a4c75	"VERSION "
ui.literal.c991879bf17ea8de	"TRIBUTE SENT"
ui.literal.c9933630160eb008	"\"owner\":"
ui.literal.c99737935caafb70	"blue peer ID"
ui.literal.c9a3892e4e411003	"truncated Genie scenario preamble"
ui.literal.c9a9f34a688785ac	"research"
ui.literal.c9ab9af7f264f96a	" UNITS"
ui.literal.c9d53b7ae256832e	"britons"
ui.literal.c9d5763c86376e95	",\"attackMoving\":"
ui.literal.c9eae0aee533d762	"Previous command page."
ui.literal.ca0bf97cce717b21	"combat"
ui.literal.ca0d2ab3acab8aa3	"renderer_failure"
ui.literal.ca32e8e09631ec74	"create_connect_land_zones"
ui.literal.ca3ec1fd3d56a32d	"incomplete language file"
ui.literal.ca40156c667624d0	"Epsi"
ui.literal.ca40a467578ba360	"dirt"
ui.literal.ca58ad6672b5b0aa	"RMS include not found: "
ui.literal.ca71e666070cdd4d	"unknown market resource"
ui.literal.ca7fa64f269a44cc	"siege"
ui.literal.ca7fbcf978d520f9	"Mongol.mp3"
ui.literal.caa9c1b03dd14e4c	"commercial-unit"
ui.literal.caac1a2bef7952fb	"Road"
ui.literal.caacbf9bb2bdb94d	"#define"
ui.literal.cae77451b7de419b	",\"proposal_id\":"
ui.literal.cae996eb34002c09	"Turk.mp3"
ui.literal.caefd8a504f02459	",\"formationAnchorX\":"
ui.literal.caf0e0e226a5c677	"elite cannon galleon"
ui.literal.cb09380dbbc2ac8e	"unknown record "
ui.literal.cb1946fffbd2fb8d	"SELECT A MODE"
ui.literal.cb1fddd28b39825a	"animated legacy composition is empty"
ui.literal.cb270df190a1e8bd	"future sender sequence exceeds bound"
ui.literal.cb41cc98e615c839	" locked"
ui.literal.cb4d1ddb4d9f0c4a	"fire_stream"
ui.literal.cb72cfe34b9ec941	",\"resolution\":\""
ui.literal.cb7da5853317b137	"projectile kind has no canonical impact animation"
ui.literal.cb8502506794ac7d	"MESSAGE CANNOT BE EMPTY"
ui.literal.cb8efbaef0637097	"last_tick"
ui.literal.cb94d11f4325e787	"non-finite scenario double"
ui.literal.cb98efefbab44d86	"mayans"
ui.literal.cba01c9504ab039e	"INPUT DELAY: "
ui.literal.cbd27188a062f1e8	",\"gameSpeed\":"
ui.literal.cbd4f9d50a54a31a	",\"waiting\":"
ui.literal.cbdf916fd8594596	" path_step="
ui.literal.cbe050afe9a10180	"Crenellations"
ui.literal.cbeef8bd4b7534b8	" destination="
ui.literal.cc1003ac67819986	"PUBLIC NOSTR"
ui.literal.cc10e5e76c948846	"commercial-resource "
ui.literal.cc129d8a7b65cfaa	"Castle Age"
ui.literal.cc1380033834476f	"missing fact mapping: "
ui.literal.cc1bbdf4af8c4001	"AOE_WALL_DAMAGE_AUDIT_PERCENT"
ui.literal.cc21fdd8a2feaeef	"Georgia"
ui.literal.cc23324f42d650f6	"legacy mapping names unknown StringTable key"
ui.literal.cc238950f94e4297	"teutons"
ui.literal.cc2f6d061c857160	"   SHARED VISION: "
ui.literal.cc555488cf258fff	"Hand Cannoneer"
ui.literal.cc5fd5f20fcda193	"UNGARRISON"
ui.literal.cc6ad3c237736aa6	"aoe/terrain_transition.hpp"
ui.literal.cc7f7e690cee33fe	"bombard_cannon"
ui.literal.cc89c561981501f2	"READY LOCKED"
ui.literal.ccb06f82504e4254	"unlocked "
ui.literal.ccd1608b3ffd2144	"invalid trigger "
ui.literal.ccd88a890b15a98a	"RULES: "
ui.literal.ccf43510924f193a	"missing options separator"
ui.literal.ccf7e506d1eb94ea	"advance_age command rejected"
ui.literal.ccff70095d0e4c57	"preview_tiles "
ui.literal.cd0a06b8ceb31057	",\"redAckObserved\":"
ui.literal.cd40d57ee6092aa3	"trigger_count\":"
ui.literal.cd4f73910bda5d10	"commercial object records expose no decoded hit-point field; "
ui.literal.cd5eee9bc6d7b1ad	"boar"
ui.literal.cd62a845d310b8d0	"ice_beach"
ui.literal.cd696a44baedfd96	"editor.tabs"
ui.literal.cd6c2eea13f48142	"Could not flush captured frame: %s"
ui.literal.cd7175bf6a827e37	"invalid move constants or length"
ui.literal.cd744bab22016f54	"stone_gate_y"
ui.literal.cd744cab22017107	"stone_gate_x"
ui.literal.cd8f23007fb92e3b	"DRS contains duplicate resource identifier"
ui.literal.cd8f7f27fd0fb1a5	"selected legacy animation did not render: "
ui.literal.cd9a4e3cd3f0342b	"linked building shadow failed: "
ui.literal.cda78fb76afbc85c	"duplicate campaign progress id"
ui.literal.cdb1761a6720088c	"connection_generation"
ui.literal.cdd035270539e96e	"TRANSPORTING"
ui.literal.cdd789fa9aad81c3	"unexpected fields in classic header"
ui.literal.cde0ee69d36ba4c8	"scorpion"
ui.literal.cde3ff3644971340	"\"blocked_reason\":\"renderer used no auditable legacy RGBA sprite\","
ui.literal.cdeb566c58fb764e	",\"unsupported_condition_types\":"
ui.literal.cdecefad70d5909c	"loom"
ui.literal.cdfba512f75d7e69	"\"construction_stage\":"
ui.literal.ce0eecad70f271e9	"load"
ui.literal.ce3998ec5a8bf7ac	"launcher_res"
ui.literal.ce39ae3e3f3d3915	"Resource"
ui.literal.ce3b48e2599e77e8	",\"selectionOverlay\":{\"center\":{\"x\":"
ui.literal.ce3b7d272925137c	"direct_placement"
ui.literal.ce3fa324e97d5df8	"frontend game mode requires two town centers"
ui.literal.ce813a6399b85d60	"sounds_x1.drs"
ui.literal.ce87fe1a3bc289e9	"': result += "
ui.literal.ce8a330e7260887f	"malformed language data at line "
ui.literal.ce92e6d297568cab	"latency_band "
ui.literal.cead41bc72a4908e	"home_y"
ui.literal.cead42bc72a49241	"home_x"
ui.literal.cecafe4afcfc5498	"explored "
ui.literal.ced8dee2400a8d2d	"ISLANDS"
ui.literal.cf0b705f2f270dfb	",\"camera_x\":"
ui.literal.cf1e6f80a4886503	"aoe/gameplay_test_api.hpp"
ui.literal.cf266432c8dd2d53	"townrcal.wav"
ui.literal.cf31fb99e25997c7	"trailing multiplayer checkpoint data"
ui.literal.cf32f42c833a6953	"RMS "
ui.literal.cf42079644f8ebab	"conversion requires complete map, player, and object sections"
ui.literal.cf5e98ef00f6bfea	"canonical building-state graphic root selected"
ui.literal.cf67c305ce2db85b	"spanish"
ui.literal.cf6d73ea63d2ec50	"FOLLOW"
ui.literal.cf7f0e21152db95d	"aoe/save_browser.hpp"
ui.literal.cf832b349ba1aa04	"IMPERIAL AGE TICK"
ui.literal.cf88b50ea1165614	"SINGLE PLAYER REGICIDE"
ui.literal.cf8f757419bd7b81	"invalid control proposal"
ui.literal.cf903325784544d5	"HOST CONTROLS PAUSE"
ui.literal.cfc6aa7f0b6d1884	"Cataphract"
ui.literal.cfc9ef0c113424d3	"packed trebuchet"
ui.literal.cfcc32cbb8e68dbf	"halberdier"
ui.literal.cfcc7802326ec23c	"1 GRASS  2 WATER  3 FOREST  E ELEVATION  U UNIT  B BUILDING  X ERASE"
ui.literal.cfd17d8e3d7cc139	"OBSERVER: COMMANDS DISABLED"
ui.literal.cfd1f528d57230d4	"invalid production queue in save"
ui.literal.cfd4441595d57be9	",\"ground\":["
ui.literal.cfdbe75bd46273b0	"technology.command_cost"
ui.literal.cfde644c38c11558	",\"unsupported_effect_types\":"
ui.literal.cfe7e1b30f4cce19	"SLP premultiplied-alpha colors are truncated"
ui.literal.cfea10791a82cba8	"MATCH IN PROGRESS"
ui.literal.cff3393cfa70145c	"heavy demolition ship"
ui.literal.d00c77da4a97cef4	"SIGNAL REJECTED: OUTSIDE MAP"
ui.literal.d019dd1589f38b66	"mapped SLP is absent from graphics.drs"
ui.literal.d023ec15c0f133e7	"ages "
ui.literal.d03df76cde69ebc3	"elite skirmisher"
ui.literal.d03e5628ec89c95d	",\"lossless\":"
ui.literal.d04bd0b63e98aad7	"could not write computer player state"
ui.literal.d04df5bf90e31990	"WATER"
ui.literal.d0917c1c15f5b3cd	"invalid campaign string length"
ui.literal.d09ed7c3f85da1b1	"plumed archer"
ui.literal.d0ad642e4ab3f18a	"objective.optional"
ui.literal.d0bdf70dc7da875d	"aoe/command_panel.hpp"
ui.literal.d0c16b3a1130aa56	"\",\"state\":\""
ui.literal.d0c18e47d5ca7d31	"fish_shore"
ui.literal.d0e39b15130e0df8	"invalid commercial research record"
ui.literal.d0e8f3bf15ffc581	"canonical missionary conversion fallback"
ui.literal.d0eed332c92d1de4	"rally point outside map"
ui.literal.d10d4a54e80bc934	"target_tick"
ui.literal.d1337507849561c4	"JSON nesting exceeds bound"
ui.literal.d13602f43ff72070	"control-commit"
ui.literal.d13b8e6735c24064	"RESEARCHING "
ui.literal.d13cc9131fb8ff3c	"arbalester"
ui.literal.d14085ea4ca5ada6	"Trade Cog"
ui.literal.d170fc283aa7af81	"Banking"
ui.literal.d18ee98cf378e1b2	"aoe-multiplayer-checkpoint"
ui.literal.d196188f13767429	"aoe/multiplayer.hpp"
ui.literal.d1971a75fd99e5e5	"DISABLED"
ui.literal.d1a15d92b41c5c7c	"getsockname"
ui.literal.d1b7d80c6c4e8ba1	"AOE_MULTIPLAYER_SCRIPT_MOVE"
ui.literal.d1b9a30515b38566	"hud.resource_value"
ui.literal.d1c073587c4678f1	"screen_width="
ui.literal.d1caf8fea86023db	"minimap="
ui.literal.d1ceca3084caae0a	"conscription"
ui.literal.d1d04aa183070c98	"ATTACK GROUND"
ui.literal.d1e39e2fb2923471	"action tag "
ui.literal.d1f6e9eaa58200b9	"trigger "
ui.literal.d1f99fa5d0cc6c1d	" translated objects contain preserved-but-unapplied raw fields"
ui.literal.d1fc5f26936a77f8	"generated exact animation binding differs from DAT"
ui.literal.d20628d24b0c40ba	"inflated header exceeds 256 MiB limit"
ui.literal.d2073c79838412e9	"JSON string exceeds bound"
ui.literal.d20958eab8bf57de	"LBLACK.TTF"
ui.literal.d21cf22858ae6827	"start_random"
ui.literal.d2218c67874c92d6	"market-prices"
ui.literal.d244272cafc92d75	"scenario-path:"
ui.literal.d24545584fb1a5d4	"AOE_DIPLOMACY_PANEL"
ui.literal.d24c9ab2e41f3263	"invalid elevation lighting pattern"
ui.literal.d25aae264c4bcd64	"invalid lockstep frame"
ui.literal.d25ff4790ead50c3	"Elite Skirmisher"
ui.literal.d267ad9ff766ed74	"unknown gameplay test command"
ui.literal.d2900d1e9d0381f1	"create_connect_"
ui.literal.d29c2ddb64c03cb1	",\"markerDrawOrder\":"
ui.literal.d2c071f9e8df359d	"unknown unit order marker"
ui.literal.d2f66b93ca241e86	"RIVERS"
ui.literal.d2f78ca585f01c0d	",\"resourceTarget\":{\"x\":"
ui.literal.d2fdcb396b449243	"Giant (240)"
ui.literal.d303f8ff6d2ae256	"slope:"
ui.literal.d308434a242138c0	"config_digest"
ui.literal.d3237b875e7ff455	" MULTIPLAYER LOBBY"
ui.literal.d327662ac6aa6204	"aoe/terrain_catalog.hpp"
ui.literal.d3c4b3976f39f85c	"base_size"
ui.literal.d3c824522279fe24	"Snow Road"
ui.literal.d3cacd4c82e5be70	"water"
ui.literal.d3e6cf5dfd08b3af	"Tiny (120)"
ui.literal.d40ea4551f5aad9e	"flying"
ui.literal.d432daac01e2fb1c	"aoe/ui_perspective.hpp"
ui.literal.d440cb3a57abe46f	"duplicate_commercial_object_id"
ui.literal.d44782721750745e	"condition"
ui.literal.d4482035498d856f	"Regicide"
ui.literal.d44f243816c2cc06	"\"sprite\":\""
ui.literal.d4521884f96168c0	"invalid Farm food in save"
ui.literal.d45693a6f83009fd	"stone_buy"
ui.literal.d48dc6955f666f1b	"medium_map"
ui.literal.d48f151bdcb9c1e1	"unsupported or corrupt save file"
ui.literal.d49e8bfd2a76f8b6	",\"revision\":"
ui.literal.d4ab408f6ccc51ce	"1-8 EDIT   D DEFAULTS   H RETURN   ESC CANCEL CAPTURE"
ui.literal.d4c6422b3f1df2f8	"deactivate_trigger "
ui.literal.d4e3e5e42a1a24ad	"unterminated unsupported block"
ui.literal.d4e98a3a475180d3	"elite_conquistador"
ui.literal.d4efb7059f9b088e	"statistics.rematch"
ui.literal.d4f24a3f88cddb9f	"local signer not accepted in lobby"
ui.literal.d5053171fe509da8	"manifest.json"
ui.literal.d506bb2d883c34e5	"empty elevation filter pixel"
ui.literal.d507100f512453e5	"unsupported command in indexed terrain SLP"
ui.literal.d51c05aea5f5c691	"AOE_SCREENSHOT_MISSIONARY_ACTION"
ui.literal.d51fadeef9b3dad0	"unterminated JSON string"
ui.literal.d53cf582078a738a	",\"localSlot\":"
ui.literal.d557df7b66e06d02	" 0 0 pause normal 0 0 \"\" 0"
ui.literal.d56a1eac214d32d1	"VALID"
ui.literal.d5b1323006bb2189	"ai.debug_summary"
ui.literal.d5c5784f0934c4d9	"host signer identity mismatch"
ui.literal.d5c9ab3b9c891d28	"explored"
ui.literal.d5dd1e5c70dc4c0e	"TERRAIN"
ui.literal.d5e443d03a6dfc55	"docs/assets/PROCEDURAL_BUILDING_ASSET_MAP.md:Palisade Wall"
ui.literal.d5f3e354bb10fe37	"relay_disabled"
ui.literal.d60a7dde73859828	"Keep"
ui.literal.d60b18e259307c90	"AOE_RANGE_DIAGNOSTIC"
ui.literal.d60d6b56bda912a5	"SOCIETY"
ui.literal.d61abfbebfa29dfb	"Elite Mameluke"
ui.literal.d6229629ef7cc686	"render_impact:procedural_body"
ui.literal.d62e5db6f8039415	"TRIBUTE DISABLED: ALLY + RESOURCES REQUIRED"
ui.literal.d642787198f39001	"FilterMaps.dat has trailing blocks"
ui.literal.d647c2c65be3547e	"DEFEAT"
ui.literal.d65246b3cd2b9a08	"FEUDAL AGE TICK"
ui.literal.d66cc87e9fb40d15	"Town Patrol"
ui.literal.d670e54102fb989e	"Audio disabled: packaged resource root has no supported "
ui.literal.d673a6db67c187af	"],\"diagnostics\":["
ui.literal.d686389fb33b3f46	"noncanonical lockstep frame length"
ui.literal.d68c06537b179a8f	"demolition ship"
ui.literal.d69001d456b52dcf	"   FEE "
ui.literal.d6921ead1fab3566	"AOE_SCREENSHOT_ALPHA"
ui.literal.d6a4dbc46c8e8658	"revision"
ui.literal.d6afab929f1d1e4d	"MGX header prefix and proved body records inspected; unknown "
ui.literal.d6b213f21bc12b64	"fcntl listener nonblocking"
ui.literal.d6b8f573ce78694e	",\"native_entity_id\":"
ui.literal.d6bab7186ae7d5ff	"building state has no canonical asset mapping"
ui.literal.d6c96701600ecdce	"bounded AI script inspection complete"
ui.literal.d6cf529027e1ed19	"N  MINIMAP MODE: "
ui.literal.d6de6c98452ff989	",\"protocolVersion\":"
ui.literal.d6e4e42e74948a10	"cannot write campaign progress"
ui.literal.d6edc10648d757d7	"death "
ui.literal.d70429c92a16ada0	"POP {population}/{capacity} PAUSED"
ui.literal.d7134b69849e4e92	"PAUSE PROPOSAL SENT; WAITING PEER ACK"
ui.literal.d72bd2e073e241bc	",\"chasing\":"
ui.literal.d73ba00ba1d87aa9	"2.00"
ui.literal.d73f2afba8633a14	"invalid scenario diplomacy"
ui.literal.d76e1d1016460575	"explored tile outside map"
ui.literal.d773713825fa6291	",\"resolvedStoredDirection\":"
ui.literal.d7763fdb4868b016	"invalid elevation ICM or palette"
ui.literal.d7a5447be28689df	"hotkey bindings conflict"
ui.literal.d7acde90469e2d39	"OPTIONAL"
ui.literal.d7af575c4e0a9caf	"terrain_resource"
ui.literal.d7b0ef9c8ec3f30c	"PE RVA outside file"
ui.literal.d7b950066636f465	"Berserkergang"
ui.literal.d7c57fbf0a7ceb1d	"invalid classic AI population input"
ui.literal.d7d46594fb020ca2	",\"destination_x\":"
ui.literal.d7dc76f47fa0e6f9	"scenario guard requires friendly unit"
ui.literal.d7dfb79c485b0637	",\"blueContiguous\":"
ui.literal.d7fdb49dc731c40c	"economic"
ui.literal.d8071b4877b8be5b	"missing exact signed turn event for sequence "
ui.literal.d826b64142e7b602	"  PLAYER: "
ui.literal.d82e541c2f76a5a2	"Elite Mangudai"
ui.literal.d82ffb9d360c83c1	"ATTACK-GROUND MODE: right click target tile"
ui.literal.d847b5eb15612eae	"window has no usable drawable extent"
ui.literal.d84913d93cf5931d	"med_water"
ui.literal.d84d25dba140cc7f	"scenario missing header or map"
ui.literal.d84daa0acd4cbfa7	",\"reliabilityStatus\":"
ui.literal.d85a4812079b95c4	"browser.entry_other"
ui.literal.d85ee0d18a1526b3	"invalid building footprint in save"
ui.literal.d860509ca81d2874	"unbounded browser filename"
ui.literal.d8642a76b5b7e32d	",\"redReadyObserved\":"
ui.literal.d8888caee6b314ab	"sdl-quit-event"
ui.literal.d88cffc25d0ed05a	"human"
ui.literal.d8912d8367303377	"truncated RT_STRING"
ui.literal.d891e5c93e92e920	"elite eagle"
ui.literal.d8a7b2f06293e3e1	",\"kind\":\""
ui.literal.d8d2bcb54de65f56	"Town Watch"
ui.literal.d8e3cd0e74b05dfa	"resource directory outside bounds"
ui.literal.d8e76873ecfe9268	"AOE-COMPUTER-PLAYER"
ui.literal.d9056b6928a8ed4e	",\"config_digest\":"
ui.literal.d9065578a483bce4	"invalid signal event"
ui.literal.d9090ddc99c46ab6	"land starts are disconnected"
ui.literal.d919c5caede90b09	"Guilds"
ui.literal.d91f423a0e3629d5	"iron_casting"
ui.literal.d93fd0de41869811	"player-slot "
ui.literal.d944947e351c0a4f	"Q/E CIV  ARROWS FOCUS  WASD PAN  TAB NEXT  +/- ZOOM  F9/ESC CLOSE"
ui.literal.d94f9a79f603a9d6	"TOWN BELL"
ui.literal.d95d1a19e53d55eb	"AOE_FOG"
ui.literal.d9760e5c71e67b3f	"observe"
ui.literal.d9763e198e761c5e	"ESC"
ui.literal.d980377c533b3dc9	"Huskarl"
ui.literal.d99bbf4b5989a0f9	"castle"
ui.literal.d9b9d98001386ea9	"projectile SLP "
ui.literal.d9c241e2c86815d6	"FULLSCREEN STARTUP FAILED"
ui.literal.d9cc6f692e2d0425	"building death loader has no canonical mapping"
ui.literal.d9e4d3a72638724d	"BLUE"
ui.literal.d9f123eddc6daefb	"invalid control stage"
ui.literal.da17f52458f84559	"cannot read checkpoint save"
ui.literal.da2faa481c2fdd9b	"\",\"carriedAmount\":"
ui.literal.da31296c0c1b6029	"title"
ui.literal.da437546faf70bed	"SINGLE PLAYER DEATH MATCH"
ui.literal.da467371bb934768	"FULLSCREEN "
ui.literal.da4bc31d6d0d9f91	"\"actual\":\"actual.bmp\",\"terrain\":\"terrain.bmp\","
ui.literal.da551aa2a79505c3	"mill"
ui.literal.da598ae72737e64d	"fixed browser asset closure decoded eagerly"
ui.literal.da5c99903b5cba2d	"siege_engineers"
ui.literal.da5d4e8fab72a608	"move_group"
ui.literal.da6b0ae030a594f6	"military"
ui.literal.da738e71d2d486c3	"scale_barding_armor"
ui.literal.da7c21b69b7be2b5	"docs/assets/PROCEDURAL_BUILDING_ASSET_MAP.md:Fish Trap"
ui.literal.da9277bb954a71b2	"Small (144)"
ui.literal.dabc514450a42f8c	"missing_shadow"
ui.literal.db09c823f5e60bcd	"NEXT UNLOCKED:"
ui.literal.db1c077534749148	"commercial-tech-time"
ui.literal.db1e85444027a372	"â¦"
ui.literal.db23778483cb9c7d	"GRASS"
ui.literal.db24e0de4bedd5e4	"compatibility_digest"
ui.literal.db282dc69f9844a8	"dorado"
ui.literal.db4c956a7b089b54	"only classic SLP 2.0 is supported"
ui.literal.db4cfa6c73baa0ab	"tf2.wav"
ui.literal.db4f9497331414ee	"statistics.society"
ui.literal.db659ddeb6ceaa73	"missing building mapping"
ui.literal.db6872f481ede6ca	"missing victory separator"
ui.literal.db697d256d5428be	"invalid formation waypoint in save"
ui.literal.db6d5b9b28b49667	"invalid elevation filter block size"
ui.literal.db7422d9ea6a67be	"AOE_HUD_STRESS_VALUES"
ui.literal.db74e11190681980	"cavalier"
ui.literal.db9024052afb221e	"Fish Trap DAT unit 199 has no dying graphic; reviewed "
ui.literal.db92f3f6ec856d81	"commercial adapter ticket changed size"
ui.literal.dbaefe0d5f4f51d3	"commercial object owner unavailable"
ui.literal.dbc44cc4bea9bafb	"Snow Dirt"
ui.literal.dbcf1d7417c4f956	"Tarkan"
ui.literal.dbdd70c56c03e9b6	"ice2"
ui.literal.dbe2d46beea8301d	"transforming"
ui.literal.dc12fed026bcfc0a	"DAT construction progress + completed standing root"
ui.literal.dc35431b9eef36dc	"neutral cannot source lockstep frame"
ui.literal.dc36e7be7264d1ef	"compressed header exceeds limit"
ui.literal.dc48156761f5463a	"dock"
ui.literal.dc52b7216ed61307	"NO BOUNDED SAVE OR REPLAY FILES"
ui.literal.dc57e42946f6e08c	"group"
ui.literal.dc5f60fd16a7e03c	"AGE OF EMPIRES II ARCHAEOLOGY"
ui.literal.dc99c27dd9b6b733	"AOE_MULTIPLAYER_ROSTER"
ui.literal.dcacce256dcab432	"aoe/runtime_paths.hpp"
ui.literal.dcb130ca304873e3	"lobby status does not match roster"
ui.literal.dcb26d18fed9c7df	"fog"
ui.literal.dcc577570aaa7315	"commercial-research "
ui.literal.dce38b3f97588af4	"music"
ui.literal.dce3ccd9b1d71cc9	"record count exceeds limit"
ui.literal.dcf743790c0ea506	"fog="
ui.literal.dcfbf0e75f4855fa	"scenario contains unavailable building"
ui.literal.dd09cdd0be356f72	"aoe/frontend_audio.hpp"
ui.literal.dd120c790c250f49	"food"
ui.literal.dd173019775b2c8b	"GUARD TARGET"
ui.literal.dd1cc2790c2e9910	"for "
ui.literal.dd41278fc45acd21	"cannot write campaign file"
ui.literal.dd61cae04e426c4a	"SELECT .CPN / .CPX / .CPX2 CAMPAIGN"
ui.literal.dd647002f793a2f4	"LARGE"
ui.literal.dd719f46696d8851	"duplicate campaign progress digest"
ui.literal.dd8e7ea98dbf6e4b	"legacy WAV resource does not exist"
ui.literal.dd94ec5f70e9f00b	"roster-slot "
ui.literal.ddb283d4b9fb7519	",\"expectedSourceMapping\":null"
ui.literal.ddb4169a877a6398	"invalid elevation filter row count"
ui.literal.ddb55b98668dbd41	"branching, cinematics, and runtime progression are not inferred"
ui.literal.ddc5b5417f582ca1	"single-player"
ui.literal.ddd484e15fb18512	"neutral has no statistics"
ui.literal.dde0d8e9134b5cb3	"packaged HD terrain texture missing: %s"
ui.literal.dde7e44ef11a19ad	"language_x1.dll"
ui.literal.de02796efb240318	"AOE_STATISTICS_CLICK_PROOF"
ui.literal.de2102fa355863ac	"palisade_gate_y"
ui.literal.de2103fa3558655f	"palisade_gate_x"
ui.literal.de21e11d0e931de5	",\"red_missing\":"
ui.literal.de4217cc72f4d0cf	"scenario"
ui.literal.de435dacc1c4cfde	"Release villagers called by this Town Bell."
ui.literal.de4c378f5ed1ae92	"population"
ui.literal.de603c3e88286553	"cliff "
ui.literal.de60e58efdff1457	",\"final_tick\":"
ui.literal.de74a2a3f3a9eec4	"commercial adapter ABI v1 lacks lobby snapshots"
ui.literal.de9ce41ed33cc2a1	"COMBAT"
ui.literal.de9d8efd40c85493	"UNPACK"
ui.literal.deab3779686ac52a	"player, map, tick, and complete object state remain unproved"
ui.literal.deb428cd24b51418	"capture-mismatch"
ui.literal.debb6ea6c4e2f4d9	"trade"
ui.literal.debd97eb34277dde	"invalid building facing in save"
ui.literal.dec0011d2ec995a1	"maximum"
ui.literal.dec3519bd0b6db6d	"bina"
ui.literal.dec3c48c96f77cde	"legacy"
ui.literal.ded6745509d1c232	"invalid unit order"
ui.literal.dee795a6c5087209	"train"
ui.literal.deffcc4d60ae019e	" garrison "
ui.literal.df110f2330f19245	"garrisoned_in"
ui.literal.df133b62d9ae9ca9	"could not generate gameplay benchmark map: "
ui.literal.df21dd717f2d0ac8	"unit_exists"
ui.literal.df703282fe179dd4	"scroll_speed"
ui.literal.df897d26c1e07d9c	"AOE-ARCHAEOLOGY-SCENARIO "
ui.literal.dfb20894ff3ce8e1	",\"destination_y\":"
ui.literal.dfc7fa391adc4799	"hud.population_value"
ui.literal.dfd39ad93dde8bcc	"UNITS CREATED"
ui.literal.dfd83ed829c52185	"ELEVATION +"
ui.literal.dfd959b70f3eb902	"aoe/technology_tree.hpp"
ui.literal.dfdc13b47c657eee	"elevation asset is truncated"
ui.literal.dfea8468a8c8e5ee	" ticks="
ui.literal.dff20c3e2fc470c0	"AOE_AUDIO_VOLUME"
ui.literal.dffd5067f3d8e735	"red team"
ui.literal.dfff71c28336e3d2	"DRS resource read is truncated"
ui.literal.e00ea6cb93b8d821	"/game_data"
ui.literal.e01e428a54604085	"palette header is truncated"
ui.literal.e02f156506bf2329	"invalid drop proposal"
ui.literal.e03ce71b2cf8ecb0	"SLP skip exceeds row"
ui.literal.e04c4d0aec5b293b	"stone_wall"
ui.literal.e05e112ac6631e31	"cannot open external language DLL"
ui.literal.e0770fa530eee3fe	"crop_rotation"
ui.literal.e07e0f80d2fd019b	"truncated TCP frame"
ui.literal.e086c131b4b43f92	"using original terrain.drs SLP 15001 grass frames: %zu"
ui.literal.e0b40c03c731190f	"defconst"
ui.literal.e0bbb6f2cf5a0262	"Chu Ko Nu"
ui.literal.e0bf4a2f114f0f0e	"selection.idle_villager"
ui.literal.e0c0d6b174b9c44f	"building loader has no canonical mapping"
ui.literal.e0ca14c45aeb49ec	"victory effect has an unmapped player"
ui.literal.e0cf9d508b5bf575	"aoe/random_map.hpp"
ui.literal.e0db71fa658701f2	"AI debug visible"
ui.literal.e0e0b4c5017f25f9	"unit_destroyed "
ui.literal.e0e370e003ec6f97	"locale"
ui.literal.e101a8773d641529	"invalid roster diplomacy in save"
ui.literal.e1063c659df94c65	",\"width\":"
ui.literal.e108957844384b12	" audio="
ui.literal.e112cb6576934d60	"Cavalier"
ui.literal.e11a9d912bcdebeb	"Lumber Camp:"
ui.literal.e11c78ea6deaa8f8	"DRS table metadata is invalid"
ui.literal.e12cc7f530f6b97b	"wood_buy"
ui.literal.e133a312a106bdee	"blue_contiguous"
ui.literal.e13bfb7b453a6b49	"invalid save hash submission"
ui.literal.e13e83b5f91b9bcd	"src/building_damage.cpp:"
ui.literal.e14c995410f768f7	"scenarioDigest\":"
ui.literal.e16045196767151d	"CHAT REQUIRES MULTIPLAYER SESSION"
ui.literal.e163f41255c498bc	",\"terminalStateHash\":"
ui.literal.e1719ce2a4e741d7	"RTT: "
ui.literal.e173ea49e40f82fb	"PEER ACK COMMITTED: RUNNING FAST"
ui.literal.e17646292582988a	"unterminated if"
ui.literal.e17d53def74de68f	"position_outside_map"
ui.literal.e1a3f29247a984d6	"last_bundle_sequence"
ui.literal.e1a4cf9cea97f63e	"animal_resource"
ui.literal.e1bcb5057c7ff656	"SLP frame directory is truncated"
ui.literal.e1d5a514dc9ac087	"gather-unit"
ui.literal.e1d811da25ba0773	"acknowledge"
ui.literal.e1db1f40b2620979	"Select a supported installed custom campaign."
ui.literal.e1ef0d7600ecaa09	"invalid classic AI gather input"
ui.literal.e1f249ebb88283e2	"research requires building id and technology"
ui.literal.e1f37cfa4ee51634	"object table exceeds 100000 entries"
ui.literal.e1f70ac2f152af44	"Research "
ui.literal.e1fc18c3615b885d	"trigger-state effect has an invalid trigger ID"
ui.literal.e200aab4b6e25ede	"AoE Archaeology"
ui.literal.e22556d8e447011d	"initialized"
ui.literal.e25d88baec4379c8	"missing replay command source"
ui.literal.e270ce4c493b1523	"technology_tree.feudal_age"
ui.literal.e298a56b9ce37805	"FINAL SCORE"
ui.literal.e2a06726529632b3	"aoe/shadow_catalog.hpp"
ui.literal.e2b1dd9536c11628	"invalid multi-peer slot"
ui.literal.e2b7365f5e368f46	"unsupported legacy DAT version"
ui.literal.e2b8928324e40b6b	"FEUDAL AGE"
ui.literal.e2c768899f1bbb0b	"cannot load optional legacy SLP %d: %s"
ui.literal.e2e2171fd2849dac	"record tail preserved without replay or save-game conversion"
ui.literal.e2f1a7f074d69496	"Explore the history behind Age of Empires II."
ui.literal.e2fdc1aad3864ee0	"AOE_MENU_REFERENCE"
ui.literal.e3023583e01362dd	"ages"
ui.literal.e317179466680a3a	"manifest:"
ui.literal.e324a2aa66a44aba	"ENTER: GENERATE / START   ESC: MAIN MENU"
ui.literal.e32853cfad111a0b	"building-memory"
ui.literal.e32e5aac2a2a43c4	"M MAP: "
ui.literal.e3369715182725e7	"primary action: empty selection has no exact native "
ui.literal.e340f78947ad8dbe	"invalid victory-point count"
ui.literal.e34c431ff745449f	"\"action\":\""
ui.literal.e34e3e42a570809a	"ENTER: SEND TRIBUTE"
ui.literal.e3593b0cae64c70a	"invalid control speed"
ui.literal.e359dad8db912008	"graphic count"
ui.literal.e37a4f3693b6b47c	"BUILD PLACEMENT"
ui.literal.e3857325d902881d	"trailing lockstep frame data"
ui.literal.e38c0f67ea1eac02	"malformed lockstep command"
ui.literal.e3ab1d8fa20ed7fa	"could not write temporary settings file"
ui.literal.e3e249b9210a7fc7	"Conquistador"
ui.literal.e40500e57fdcdc24	"commercial-tech-cost"
ui.literal.e408915bdcf730a4	"AOE_EDITOR"
ui.literal.e41110b5d129b562	"eagle_warrior"
ui.literal.e421f400cfb67616	",\"mirroring_mode\":"
ui.literal.e4326dd850ac8580	"cannot load optional unit action composite %d: %s"
ui.literal.e44de00db1723d9f	"SLP player number is invalid"
ui.literal.e463d1d1f419bf2a	"aoe/selection_controls.hpp"
ui.literal.e47543382cb63d1e	"AOE_MULTIPLAYER must be host or join"
ui.literal.e4803999e1b9deb8	"native >= syntax cannot be selected losslessly"
ui.literal.e4858a15141ddae2	"AOE_SCREENSHOT_BUILD_BOMBARD_TOWER"
ui.literal.e4883db321421125	"invalid message audio field"
ui.literal.e4a4fcc16768e89d	"palmtree"
ui.literal.e4b24f3c092d5cc8	"objective "
ui.literal.e4b82a038a5120a7	"huge_map"
ui.literal.e4c1ad4c70008ec2	"Next command page."
ui.literal.e4f5df48c30700b9	"duplicate campaign progress unlock"
ui.literal.e50f7a26817bd9c2	"elevation table is truncated"
ui.literal.e53c3e8291ad1bea	"},\"object_id_remap\":["
ui.literal.e5a76b37497efba0	"CHECKPOINT BARRIER REQUESTED"
ui.literal.e5bbf500e5ff0400	",\"stage\":\"commit\",\"proposal_id\":"
ui.literal.e5c09093f5aa4684	",\"frame\":"
ui.literal.e5c1ee2785dd5417	"SCENARIO DIGEST: "
ui.literal.e5c21bcaf5593ad3	"SET AOE_MULTIPLAYER=host OR join"
ui.literal.e5fb1c83cc506389	"random map has no Regicide King site"
ui.literal.e6046cff7f769a5f	"naval"
ui.literal.e62761f5965407d0	"leather_archer_armor"
ui.literal.e6654c73c823e5db	"lightMaps.dat"
ui.literal.e6661950cf0b69a6	"graphic delta count"
ui.literal.e66655c970d51567	"pack-trebuchet"
ui.literal.e669f3d3a5862b8b	"create_connect_to_nonplayer_land"
ui.literal.e6738a29c071fb40	"AOE_MUTE"
ui.literal.e69b34ccb1a683cd	"shore_fish"
ui.literal.e6a6a9a043647e09	"M  MUSIC VOLUME: "
ui.literal.e6c8713920c7919a	"projectile"
ui.literal.e6de0c080d96757d	"list_units"
ui.literal.e6df9d402f01713d	"RECONNECT: CHECKPOINT READY"
ui.literal.e6f09b190519daa4	"all"
ui.literal.e6f489ed0d808168	"direct building age or architecture family is invalid"
ui.literal.e709e40bcb3299b2	"replay commands must be recorded in tick order"
ui.literal.e715b4190539215c	"age"
ui.literal.e723c21905457682	"ack"
ui.literal.e729bf992c53c2a5	"scenario contains invalid garrison assignment"
ui.literal.e730d71e5d26dad1	"Pursue enemies at full sight range."
ui.literal.e731057c5adcc490	"Old Grass"
ui.literal.e7416f2dcc98b887	"commercial-random-state "
ui.literal.e743dbdb14c56643	"min_number_of_cliffs"
ui.literal.e74fa719056a838c	"app"
ui.literal.e764b80b35e58c7e	"SAVE WRITTEN ATOMICALLY"
ui.literal.e787e35597e90ed1	"AOE_RANDOM_MAP_SEED"
ui.literal.e790b67e504b026f	" patrol "
ui.literal.e79282834d28fc64	",\"research_technology_ids\":"
ui.literal.e79412858c13b923	"FILE"
ui.literal.e79981f33b2890e2	"relay"
ui.literal.e7b06fb6ed615b3c	"Allied victory"
ui.literal.e7b567f33b40df6c	"relic"
ui.literal.e7d08106afbd796a	"runtime building state selection"
ui.literal.e7d64ffcd5f81d93	"AOE_AUDIO_PROOF_TAUNT"
ui.literal.e7d96317eae39d72	"invalid guard target"
ui.literal.e7e1109d70eaadce	"MODE: {mode}  |  ESC CANCEL"
ui.literal.e80858135c8a5454	"AOE_BUILD_PREVIEW"
ui.literal.e8455ecab3a27a5d	"credits.mp3"
ui.literal.e882d84849652111	"invalid roster controller in save"
ui.literal.e8971296ffe0cbc9	"campaign line "
ui.literal.e89f5d431e311b1c	"; canonical replacement damage body selected"
ui.literal.e8a6d18361d1208f	"/resources"
ui.literal.e8bfcbc8b6f1ee48	"chinese"
ui.literal.e8cd2e79d2e62acd	" [SIGNAL] "
ui.literal.e8dd1c05ed6d8213	"building_destroyed "
ui.literal.e8f7274492321541	" property count"
ui.literal.e8fc91450191ba8f	"Thumb Ring"
ui.literal.e903b3f5e4c773ea	"Pack selected deployed trebuchets."
ui.literal.e9099a902ac899a8	"empty action"
ui.literal.e90a91b9a3dc42cb	"invalid or duplicate objective"
ui.literal.e914e655a20cc6ef	",\"color\":{\"r\":"
ui.literal.e925ce4cb64a21a1	"invalid else"
ui.literal.e92eb2d200d00f7f	"attack-reveal "
ui.literal.e92f9b2bbcdb03dc	"mapping; raw records are preserved and no playable Scenario "
ui.literal.e939079cc62192b5	"victory"
ui.literal.e95309316922f4ad	"trigger_syntax "
ui.literal.e95b391193fe79ef	",\"category\":\""
ui.literal.e95dd735dfba6bbf	"invalid campaign string marker"
ui.literal.e96544ae83aa1f55	"standing"
ui.literal.e9654f1d2bb42a5d	"X  EDGE SCROLL: "
ui.literal.e979787fb60fb69f	"unhandled render action detail"
ui.literal.e983c69eb3693a19	"aoe/building_damage.hpp"
ui.literal.e98d4e6fcb884fc4	"cannot begin checkpoint barrier"
ui.literal.e996d851a1601a41	"Arrange selected units in a line."
ui.literal.e9bbb50a6a667f1e	"Bracer"
ui.literal.e9c6de8680edae79	"cannot create SDL lobby: "
ui.literal.e9cb8e41f13453d2	"LAST ORDER CANCELLED; REFUND APPLIED"
ui.literal.e9d2b4d7c90fb7cf	"invalid research constants or length"
ui.literal.e9d82e0146bbabb4	"jungletree"
ui.literal.e9dfd891ef76051c	"Arbalester"
ui.literal.e9f142b57260c9dd	",\"commanded_units\":"
ui.literal.e9f41770354015f7	"missing_archive_resource"
ui.literal.ea07c4ebaa2f4514	",\"translated_conditions\":"
ui.literal.ea0aa8af716b9c42	"lobby relay set mismatch"
ui.literal.ea19ad2f175f817c	"mapped legacy graphic is absent"
ui.literal.ea1c6c398a783b95	"G  SINGLE-PLAYER SPEED: "
ui.literal.ea603d148e3848ac	"invalid commercial building identity in save"
ui.literal.ea722a34bc8449d2	"unknown executable trigger syntax"
ui.literal.ea792e7ad2d87ae2	"fixed browser building death mapping is absent"
ui.literal.ea84b166b5d5e461	"\"requested_asset\":{"
ui.literal.ea9dcd0154c34a43	",\"hp\":"
ui.literal.eaa561a76e141969	"aggressive"
ui.literal.eaba037e7c6e8a89	",\"technology_research_ticks_remaining\":"
ui.literal.eabb7591ee83878b	"edited-scenario.scenario"
ui.literal.eabd63ece482e3e8	"roster-rules "
ui.literal.eac02a7f640124ce	"two-handed swordsman"
ui.literal.eadd419bf225e89d	"TOTAL GATHERED"
ui.literal.eafc545085e06b45	"Celt.mp3"
ui.literal.eb01d3a439a8aa4b	"description "
ui.literal.eb1af012df51c78a	"Elite Plumed Archer"
ui.literal.eb1db5cc63082b83	"too many nested #includes"
ui.literal.eb23a75c1b45b4a2	"match "
ui.literal.eb5b5405f364b939	"MapType"
ui.literal.eb5b7dc97fd2400d	"aoe/save_game.hpp"
ui.literal.eb5cfb0d496a3629	"guilds"
ui.literal.eb608bdf39e3d752	"TRADE ROUTE: right click an allied Market"
ui.literal.eb610db7a40ed490	"effects_volume"
ui.literal.eb84b579b75d7556	"Pikeman"
ui.literal.ebc73519b992687c	",\"blueVillagerY\":"
ui.literal.ebcb6beee49726aa	"elite plumed archer"
ui.literal.ebcdc9d37bbdded6	"clumping_factor"
ui.literal.ebd3d64890683230	"CONNECTED"
ui.literal.ebdaf86117f49de7	"zone"
ui.literal.ebe655ed63219c24	"  BAND: "
ui.literal.ebe7767e99a37cf6	"elapsed_ticks"
ui.literal.ebeb8118b5301b1c	"  CARRY {amount} {resource}"
ui.literal.ec27d14623e92918	"cannot enable linear transition sampling: %s"
ui.literal.ec31de14761c107f	"GameType"
ui.literal.ec5912a60c04c59f	"reseed "
ui.literal.ec5d95c17777bbb3	"{\"ok\":false,\"error\":\""
ui.literal.ec69805eb308e7cb	"cannot enable linear terrain sampling for %s: %s"
ui.literal.ec933fcb3f46ddb0	"unsupported action: "
ui.literal.ec9480bf54c2b6f9	"AOE_GAMEPLAY_BENCHMARK_PATH"
ui.literal.eca4f55169731139	"OPTIONAL USER-OWNED MEDIA PATH CONFIGURED"
ui.literal.ecb15a7a149c90de	"Open unit production."
ui.literal.eccfb60824064d4e	" command rejected"
ui.literal.ece1cb77e1b1d839	"ballistics"
ui.literal.ece5dc3781eb03a2	"oak_forest"
ui.literal.eceb79575a515788	"classic-v3-"
ui.literal.ecf6f3483f3ee740	"{\"protocol\":"
ui.literal.ed06e98f66c2ba6e	"MAP EXPLORED"
ui.literal.ed30fde6a32941fe	"cannot be represented"
ui.literal.ed37dc01b4615131	"elapsed_ticks >= "
ui.literal.ed4a498ef3c36ee8	"building_rubble"
ui.literal.ed4e15dcdaabf7c2	"unsupported decompressed data version"
ui.literal.ed578f5836e293ee	",\"tick\":"
ui.literal.edb85537b4d6bf21	"DIPLOMACY CHANGED"
ui.literal.edc57e9622de6b21	"compatibility-red"
ui.literal.edc65dcd4de9c8c2	"UNITS LOST"
ui.literal.edc69ada4aea5f53	"invalid localization argument name"
ui.literal.eddcb52b15486b11	"market"
ui.literal.eddd10a54fea0576	"invalid patrol destination"
ui.literal.ede9c7c450f1b7ae	"missing RGE scenario separator"
ui.literal.ee0f659a69864d11	"farm-reseed-queues "
ui.literal.ee1abc82bcf761b1	"player animated composite slot is invalid"
ui.literal.ee238db29684e3b7	"render_unit_death:procedural_body"
ui.literal.ee267500617eae4f	"header is not one complete bounded raw-DEFLATE stream"
ui.literal.ee2a1b12b31c99f5	"projectile-"
ui.literal.ee2a1e12b31c9f0e	"projectile "
ui.literal.ee3145eed3d14679	"invalid lockstep session config"
ui.literal.ee373b6c262f8d40	",\"required_frame_count\":"
ui.literal.ee4191310c2a1679	"heavy cavalry archer"
ui.literal.ee452b2d88a0c0fb	"elite mameluke"
ui.literal.ee5d97ad45ad251f	"start"
ui.literal.ee5fe0e8796b6315	"TRAINING "
ui.literal.ee63aaad45b1b116	"state"
ui.literal.ee6a408af009b19c	"Elite Throwing Axeman"
ui.literal.ee8e0a27e01fd1bf	",\"redControllerState\":"
ui.literal.ee9dbaad45e3448d	"stage"
ui.literal.eeaa93fc13636224	"technology_tree.title_civilization"
ui.literal.eeac638fea3135a1	"gold_shaft_mining"
ui.literal.eeb09071413b2ddd	"invalid civilization"
ui.literal.eef7666b77d47881	"invalid trigger-variable name count"
ui.literal.ef0ec1a8614fecfc	"two_man_saw"
ui.literal.ef157700edb556e4	"CONTINUE"
ui.literal.ef1fa02815a0e8a7	"music1.mp3"
ui.literal.ef28ffa273aa7cb3	"Crossbowman"
ui.literal.ef3b788fe726687d	"Grass"
ui.literal.ef3e0b228c766071	"invalid start commit"
ui.literal.ef408e414d7ca80b	"PEER: "
ui.literal.ef45292202e04fd6	"create_building "
ui.literal.ef51d90d32b554f3	"sender previous-event chain mismatch"
ui.literal.ef56457916c20119	"farm"
ui.literal.ef5a4a7916c5f26f	"fast"
ui.literal.ef610936ae0fecf1	"  \"events\":["
ui.literal.ef67b3a619c29869	"turn frame rejected by lockstep"
ui.literal.ef69b32a50480177	"negative scenario trigger effect amount"
ui.literal.ef74a6f1b916f545	"invalid cpx2 header field count"
ui.literal.ef8ba1756b4c7eb8	"war_galley"
ui.literal.ef93e43377384ca2	"berry_bush"
ui.literal.ef9c97d7216733f6	"king"
ui.literal.efc6ea843c6871ee	"Could not refresh render extent: %s"
ui.literal.efc80555ce14e3c2	"\"civilization\":\""
ui.literal.eff201bdae88cc03	",\"drawOrder\":"
ui.literal.effa69b88db88b21	"gathering state is unsupported for unit kind"
ui.literal.effcf2f80167deb8	"topology building architecture family is invalid"
ui.literal.f003def3bd7eee05	"invalid stance record"
ui.literal.f034ee5c58a805c3	"trigger"
ui.literal.f035d48a6b567c8b	"invalid diplomacy record"
ui.literal.f043237ef90f5def	"truncated campaign integer"
ui.literal.f058bf8af874c8a2	"elite mangudai"
ui.literal.f069fc72c5583a91	"DONE"
ui.literal.f06da8e505faeb8b	"invalid age"
ui.literal.f07cf6a1dfe3c8b5	"editor.files"
ui.literal.f080642baa4f54a3	",\"b\":"
ui.literal.f08e9c8b2e7c22cd	"\"object_kind\":\""
ui.literal.f093c772219749f2	"missing town center"
ui.literal.f0ac36ecac5f635f	"proposal"
ui.literal.f0c1596879c56b5e	",\"frame_max_ms\":"
ui.literal.f0c61fdd440af065	"incomplete"
ui.literal.f0d979e16ac2dcb1	"PAUSED "
ui.literal.f0da3b0885a510ba	"STONE"
ui.literal.f0dd897ed091a3ef	",\"expectedAssetStatus\":\""
ui.literal.f0e0ad1412f26dc1	"town center is not on land"
ui.literal.f0f5044d66f2bc9b	"Onager"
ui.literal.f143e966dc85374e	"drs:"
ui.literal.f157d96dde6a2c47	"invalid add-resource trigger effect"
ui.literal.f180721a77c19c5e	",\"resourceTargetExists\":"
ui.literal.f1a2a766dcd55bac	"drop"
ui.literal.f1b266199bb17d78	"F10"
ui.literal.f1b267199bb17f2b	"F11"
ui.literal.f1b268199bb180de	"F12"
ui.literal.f1c59adc496a6ac0	"DEFENSES"
ui.literal.f1d95a932df4ba67	",\"expectedResourceIds\":[]"
ui.literal.f1efdb6db9c68f7a	"invalid primary-action selection count"
ui.literal.f1f45037aa07ae87	"scenario-content:"
ui.literal.f200b1c19236946d	"rubble "
ui.literal.f21c24dcfabd6958	"chu_ko_nu"
ui.literal.f24abe42c69cada7	"{name}  COST W{wood} F{food} G{gold} S{stone}  {requirement}"
ui.literal.f24beb8c8df8e99b	"BOUNDED LOCKSTEP SESSION"
ui.literal.f24c3ba2b8526965	"invalid attack reveal in save"
ui.literal.f268624f2666d529	"AOE-ARCHAEOLOGY-REPLAY"
ui.literal.f26fc874c754d269	"elite chu ko nu"
ui.literal.f27828943982cf1f	"Teutonic Knight"
ui.literal.f287e98aca4491dd	"trade cart"
ui.literal.f29630c368b6e6ee	"RIGHT CLICK RELIC"
ui.literal.f29d54cd1e299d61	"RALLY POINT"
ui.literal.f2a366e300160655	"El Dorado"
ui.literal.f2a38d910b5b348b	"chat"
ui.literal.f2a5cbb8ff124666	"ready rejected"
ui.literal.f2d4f2ad2e333eb4	"elite"
ui.literal.f2ddac6b1051d64f	"duplicate or zero entity id in save"
ui.literal.f2e6907b91012aad	"AOE_CAMPAIGN_CINEMATIC_PATH"
ui.literal.f2fa6f1302f9d741	"language_x1_p1.dll"
ui.literal.f317a09896a54e15	"Move to a location and attack enemies along the way."
ui.literal.f32684ecfad14c54	"cannot atomically replace campaign progress"
ui.literal.f330616e9e256546	"RECONNECT: VERIFIED FROM CHECKPOINT"
ui.literal.f336e379ba146826	"match_id"
ui.literal.f342ca1637f6002e	"PROOF LEAVE"
ui.literal.f3449c2c980f8250	"RIFF"
ui.literal.f34e3e042652afec	"Change game settings."
ui.literal.f35cc226335b0250	"frontend.main.map_editor"
ui.literal.f3664a603d899376	"tarkan"
ui.literal.f3820d4394134222	"minimap click centered camera on %d,%d"
ui.literal.f39bc95ccab41feb	"reconstruction-settings.txt"
ui.literal.f39ddb2abc178802	"defensive"
ui.literal.f3c099ec379b421b	"formation-kind "
ui.literal.f3c6baf83086a934	"cannot create diplomacy"
ui.literal.f3c83edee8e9ca66	",\"compatibility_digest\":"
ui.literal.f3da12dce20fd461	"diplomacy.market_rates"
ui.literal.f3dc8372ffcdd601	"GARRISONED"
ui.literal.f3ddda3b8141a5c1	"Could not save captured frame: %s"
ui.literal.f3de77fcd3080615	",\"first_tick\":"
ui.literal.f3de7eb09f558b22	"light_cavalry"
ui.literal.f3e46c7c6ce54b41	"RMS exceeds line limit"
ui.literal.f3fe6b5fdb85d50a	"delete"
ui.literal.f405a475b731576d	"death"
ui.literal.f416dfd36a8ce68d	"CHECKPOINT: "
ui.literal.f42b41b4a2719e2f	"coinage"
ui.literal.f4477d2679efe6d7	"formations "
ui.literal.f4635819be6f4743	",\"blueVillagerX\":"
ui.literal.f46e7d9e0a525a86	"bamboo_tree"
ui.literal.f476428608500fe5	"Heal a wounded friendly unit."
ui.literal.f47d4e8b0ddd6efa	"invalid multiplayer checkpoint envelope"
ui.literal.f4820bfe8b3056c6	"Map Editor"
ui.literal.f48ae9f9d842247c	"Ignoring malformed AOE_CAMERA_ZOOM: %s"
ui.literal.f495d0b2a48bd0f9	"diplomacy.title"
ui.literal.f49d928975f8fbe7	"EDIT REJECTED BY BOUNDS/VALIDATION"
ui.literal.f4a7ac71f87d3ab3	"PATROL MODE: right click second endpoint"
ui.literal.f4cdbdd13a16ec6e	"attack-move classic properties do not prove destination versus "
ui.literal.f4cea57358fc1740	"Dirt"
ui.literal.f4d4103d3667310b	"SLP color list is truncated"
ui.literal.f4db5331f45aae88	"primary action: missing target entity mapping for "
ui.literal.f4fdc67ead0b87f8	"Elite Turtle Ship"
ui.literal.f503e4cc13c0f3b8	"Town Center:"
ui.literal.f509c0a18a0775a2	"compatibility-blue"
ui.literal.f50da89cea0b3a95	"noncontiguous campaign progress"
ui.literal.f545853cdf674003	"or opened; verify files and audio device ("
ui.literal.f546b995d78736ae	"CAMERA: ALLY SIGNAL"
ui.literal.f547de1743efeb59	",\"selector_shapes\":"
ui.literal.f54c28046871efab	"CARRYING RELIC"
ui.literal.f5793160aed287b0	"quorum"
ui.literal.f5a04ae43d84bdd6	"SLP frame index is invalid"
ui.literal.f5a3d36144944154	",\"civilization\":\""
ui.literal.f5ada3322463bbc5	"missing unit mapping"
ui.literal.f5c16b415a1015ca	"technology_tree.castle_age"
ui.literal.f5c7cf198f0c19e2	"RELICS COLLECTED"
ui.literal.f5ce37a66dcd5840	"CIVILIZATION "
ui.literal.f5f21c0b407a2913	"nested create_object is unsupported"
ui.literal.f5f4a468b6f66c1e	"elite_jaguar_warrior"
ui.literal.f61fc497c9342eea	"Shipwright"
ui.literal.f6230993cd5407ff	"trailing JSON data"
ui.literal.f625fa273132ac01	"BUILT-IN/AUTO"
ui.literal.f62eed6a1a23f069	"family"
ui.literal.f64a40ffbf9958b8	"': output.push_back('"
ui.literal.f6528d2806009363	"Heresy"
ui.literal.f65e2f382ff2683e	"LobbyFull"
ui.literal.f68639c9cfd3a40f	"AOE_MULTIPLAYER_CHECKPOINT_ENVELOPE"
ui.literal.f694a5bf61f5c418	"FOOTPRINT OCCUPIED"
ui.literal.f69b6948f78a43d6	"shown"
ui.literal.f69ebc6caf4d30b8	",\"height\":"
ui.literal.f6a5845a3cba9a55	"event outside match scope"
ui.literal.f6d1399df69fedc7	"unsupported section"
ui.literal.f6de4c4037f4d557	"invalid Aztec relic gold remainder in save"
ui.literal.f6f0bd2f596330ce	"oaktree"
ui.literal.f6f73efae255c61d	"damage must be positive"
ui.literal.f712acfe27560a41	"advance_until_idle"
ui.literal.f71821d0912c4e1e	"skirmisher"
ui.literal.f75a30c5e471919c	"Resize proof window=%dx%d logical=%dx%d output=%dx%d"
ui.literal.f75b6c97456c288e	"canonical complete root SLP selected without DAT deltas"
ui.literal.f7943eb16a616d6c	"hud.food"
ui.literal.f79994ac0cc08e6e	"ui.message"
ui.literal.f7a79d744ad7c2b6	"PEER TIMEOUT"
ui.literal.f7bbeb80954aa2e9	"fast fire ship"
ui.literal.f7c6f871b5423eaf	"%zu sources"
ui.literal.f7ce14c7deef337b	"melee"
ui.literal.f7d3a40e6a9ab728	"],\"half_width\":"
ui.literal.f7d93e17ec4b1219	"..."
ui.literal.f826dc6624800a59	",\"redReady\":"
ui.literal.f82959e09029dbf3	"republish:"
ui.literal.f82c6a04d79fc022	"invalid control ID"
ui.literal.f83c46dfa2e05f39	"resource condition has invalid player/resource"
ui.literal.f84f97b4633670e9	"open"
ui.literal.f850932bae7ee16a	",\"a\":"
ui.literal.f8553aeb7bd0eb58	"move: previous-selection reuse is not represented"
ui.literal.f88b11a4cb948e01	"building_destroyed"
ui.literal.f8b04bac1ea1cb37	"blue "
ui.literal.f8de5f090827ea01	"unknown trigger resource "
ui.literal.f8deac21c8238342	"receive"
ui.literal.f8e017f3814b8352	",\"speed\":"
ui.literal.f8e332f5db57b036	"AOE_OVERLAP_CAPTURE_EXIT"
ui.literal.f8f22734c563fb56	"controllers"
ui.literal.f8f39921c835bf03	"receipt"
ui.literal.f904a6cfcdb92317	"opening"
ui.literal.f9052efcb4185094	",\"logical_direction\":"
ui.literal.f9062f3f713dc8cd	"BUILD MISMATCH"
ui.literal.f919c9ee91383e62	"ONGOING"
ui.literal.f930af29fd2bec83	"taunt"
ui.literal.f9393d95a0b481f2	"transport"
ui.literal.f93d21e313167c5a	"http://www.zone.com/"
ui.literal.f9409ce25a7b2434	"malformed replay record: "
ui.literal.f9571baccf2d319e	",\"entity\":\""
ui.literal.f96bf9fbe69747a0	"MODERATE"
ui.literal.f9820166be8a74c4	"invalid JSON unicode escape"
ui.literal.f9a597d474030858	"canonical_building_animated_slp_sets"
ui.literal.f9cf43ac23d19601	"save_hash"
ui.literal.f9db6dca05d2f498	"cannot encode lockstep command"
ui.literal.f9dbc6569d2f7a75	"AOE_SCREENSHOT_FORMATION"
ui.literal.fa04f4ef1995407e	"text"
ui.literal.fa09bc03b9b2e87f	"unsupported classic blendomatic tile size"
ui.literal.fa0a9af37e395f9e	",\"terminalResultAgreement\":"
ui.literal.fa1d6d73c081fca0	"tribute"
ui.literal.fa1f10abc6ef6992	"town center"
ui.literal.fa236dc6043a5fe8	"NEXT"
ui.literal.fa23d9ef19afc32c	"team"
ui.literal.fa243c1841a4a512	"aoe/computer_player.hpp"
ui.literal.fa2ba60646ac93d6	"no playable Scenario was returned"
ui.literal.fa3a599e833e07fa	"Open economic building commands."
ui.literal.fa57ef46d1ccc5dc	"BUILDINGS LOST"
ui.literal.fa5ffaf81ffc9bd2	"garrison overflow in save"
ui.literal.fa691c75c26b6ddb	"objective.required"
ui.literal.fa69980a32553773	"non-finite recorded-game float"
ui.literal.fa82941c1a626ac1	"unknown technology"
ui.literal.fa9024b06157a09c	"invalid language literal at line "
ui.literal.fa9993ec7c2fef0a	"TRIBUTE UNAVAILABLE"
ui.literal.fab991a118edaa07	"UNRECOGNIZED PROJECT FILE"
ui.literal.facc2b018dfb0b19	"embark"
ui.literal.fae140ba7fda6475	"building"
ui.literal.fae28704208c5bfb	"content rules digest"
ui.literal.fb0522a012010f13	"AOE_SCENARIO_PATH"
ui.literal.fb197e69322f80c6	"minimap dimensions must be positive"
ui.literal.fb229bb25ae8dd2f	"Group {group}: cleared"
ui.literal.fb35c28dc9943f9b	"aoe/frontend_menu.hpp"
ui.literal.fb46d320a80cbaa2	"decode_failure"
ui.literal.fb71d064b8d03188	"TRANSPORT: "
ui.literal.fbc941db8aef5c80	"F6: COORDINATED SAVE"
ui.literal.fbd01b45c1c8ab0c	"invalid scenario description length"
ui.literal.fbd3eadb560813c8	"invalid buy-resource record"
ui.literal.fbdb350a21ff9cae	",\"sender_sequence\":"
ui.literal.fbf4c8afa9e10910	"tile record before map record"
ui.literal.fc10d1e6fcd3375c	"invalid cpx2 scenario name length"
ui.literal.fc10f8b0822a80db	"oak_forest_floor"
ui.literal.fc4267410a4c2aa3	"could not open scenario: "
ui.literal.fc4d5390c9562598	"Chain Barding Armor"
ui.literal.fc781dd1dfc0cc37	"elite_longbowman"
ui.literal.fc7e07ec41ceabf9	"unresolved random load: "
ui.literal.fc8b730d1fa5c5da	"turtle_ship"
ui.literal.fc9697d1196e6ba6	"epoch"
ui.literal.fc97e2d42425cb51	"CONVERT TARGET"
ui.literal.fc9b226ce2ad033f	"working state is unsupported for unit kind"
ui.literal.fcb8a32d27c3cfdb	"bombard cannon"
ui.literal.fcc7afe877242cee	"no mpg123 decoder; install mpg123 and reconfigure with "
ui.literal.fccf71e6482dc4f4	"sell-resource "
ui.literal.fcd401f4c5f68bcb	"MATCH COMPLETE: {outcome}"
ui.literal.fcd94ac2a154ec8a	",\"blueReady\":"
ui.literal.fce065f42e69dffa	"unsupported_owner_state"
ui.literal.fce8ca8afd855ce7	"metadata matches supplied archive"
ui.literal.fcea2ff11d0f5f1d	"SkillAverage"
ui.literal.fcf2b0faa617a107	",\"building\":"
ui.literal.fd0d8ef9332bff85	"aoe-lockstep 3 hello "
ui.literal.fd19f2cde1deb3f9	"campaign entry lies outside file"
ui.literal.fd1afe845ce6bc3d	" requires market id and resource"
ui.literal.fd2020288b351535	"CANCEL LAST"
ui.literal.fd234ab983579c3a	"AOE_SCREENSHOT_TRADE_ROUTE"
ui.literal.fd376bc8533092d8	"action representation"
ui.literal.fd3fbb633ab207f8	",\"carried_amount\":"
ui.literal.fd5ecf1b2f986dc5	"invalid control kind"
ui.literal.fd71429db5cb9afd	"AOE_AI_DIFFICULTY"
ui.literal.fd7e192fb3b394a8	"aztec-relic-gold-remainders"
ui.literal.fd898e1011bfee3c	"research: missing building, player, or technology "
ui.literal.fd8af6cc3ea9150e	"effect."
ui.literal.fd8b23cc3ea96185	"effects"
ui.literal.fda3f15e61bb2607	"/usr/local/opt/mpg123/lib/libmpg123.dylib"
ui.literal.fdb09cf2f3c32989	"university"
ui.literal.fdd02e0b22f4b38c	"STATE: "
ui.literal.fdde30c24ce38292	"completed"
ui.literal.fde9b760adaf5d15	"{\"layer\":"
ui.literal.fe0ac758e06124e3	"Fletching"
ui.literal.fe22d2bd60763a0a	"-expected.tga"
ui.literal.fe38b7a30195083a	"invalid_runtime_selection"
ui.literal.fe43869c7a20ef99	"primary action"
ui.literal.fe5ca767740d8914	"campaign.debrief"
ui.literal.fe605c8148222b0e	"commercial-building"
ui.literal.fe87cad2441be20d	",\"blueEconomy\":{\"wood\":"
ui.literal.fe8a03a4714c647e	"invalid language string at line "
ui.literal.fe9b3ccd888c34c2	"elevation filter sample is truncated"
ui.literal.fe9ec1d71668ca46	",\"carried_resource\":\""
ui.literal.fec03d85808681f0	"AOE_TECH_TREE_INPUT_PROOF"
ui.literal.fecefba7c5c24c29	"canonical delta-only graphic graph selected"
ui.literal.fef2145ff3788747	"hud.population"
ui.literal.ff04ddb88489cde4	"AOE_MULTIPLAYER_CHECKPOINT_PATH"
ui.literal.ff1136a6b5c4c4a7	"Hussar"
ui.literal.ff1167813fa2d82a	"unsafe campaign scenario path"
ui.literal.ff3c282d64b4e4ee	"land_position"
ui.literal.ff4d966bc22ed3b8	"phase"
ui.literal.ff50469a2004e9e8	"commercial civilization mismatch"
ui.literal.ff51c9b662ce4ebf	"invalid lockstep peer"
ui.literal.ff53cd017dd4f0fe	"elite_teutonic_knight"
ui.literal.ff6331925b432948	"canonical runtime work fallback"
ui.literal.ff7c718eb74ec74b	"forage"
ui.literal.ff7e4570e7fd3a79	"AOE_AUDIO_PROOF_NARRATION"
ui.literal.ff847b9a2e8c421a	"AI nesting limit"
ui.literal.ff99ed8e10d6842c	"transport overflow in save"
ui.literal.ffa32b5987461eb8	"invalid roster team in save"
ui.literal.ffb32277ffc6f2da	"advance_age requires building id"
ui.literal.ffd73d8240819a2a	"primary action: previous-selection reuse is not "
ui.literal.ffe876afd3c8b258	"invalid elevation lighting offset"
ui.literal.fff3a40fbf38e264	"editor.title"
